panel,category,test,spec,fm_coef_DG,fm_t_DG,ls_monthly_ret,ls_t,vuong_z,vuong_p,delta_aic,pass_fail_h1,pass_fail_h2,notes
Panel A: Variable Construction Sensitivity,R01,R01.1,DH-24m,-0.0049,-3.9919,-0.0115,-3.4345,,,,PASS,,
Panel A: Variable Construction Sensitivity,R01,R01.1,DH-36m,-0.0048,-3.732,-0.0117,-3.2991,,,,PASS,,
Panel A: Variable Construction Sensitivity,R01,R01.1,DH-48m,-0.0042,-3.3924,-0.0105,-3.0773,,,,PASS,,
Panel A: Variable Construction Sensitivity,R01,R01.1,DH-60m,-0.0035,-2.985,-0.0091,-2.8499,,,,PASS,,baseline
Panel A: Variable Construction Sensitivity,R01,R01.1,DH-72m,-0.0034,-3.0806,-0.0092,-2.9157,,,,PASS,,
Panel A: Variable Construction Sensitivity,R01,R01.2,DS-24m,-0.0043,-3.627,-0.0108,-3.2604,,,,PASS,,
Panel A: Variable Construction Sensitivity,R01,R01.2,DS-36m,-0.0044,-3.5178,-0.0112,-3.2189,,,,PASS,,baseline
Panel A: Variable Construction Sensitivity,R01,R01.2,DS-48m,-0.0041,-3.3762,-0.0101,-3.0416,,,,PASS,,
Panel A: Variable Construction Sensitivity,R01,R01.2,DS-60m,-0.0034,-2.999,-0.0089,-2.8281,,,,PASS,,
Panel A: Variable Construction Sensitivity,R01,R01.3,T-1m,-0.0047,-3.9856,-0.012,-3.7288,1.519,0.1288,58.7152,PASS,PASS,
Panel A: Variable Construction Sensitivity,R01,R01.3,T-3m,-0.0047,-3.9811,-0.0119,-3.6986,2.2531,0.0243,62.7439,PASS,PASS,
Panel A: Variable Construction Sensitivity,R01,R01.3,T-6m,-0.0047,-3.9853,-0.0119,-3.7138,2.5515,0.0107,93.6344,PASS,PASS,
Panel A: Variable Construction Sensitivity,R01,R01.3,T-12m,-0.0047,-3.9838,-0.012,-3.7189,2.6824,0.0073,97.0304,PASS,PASS,baseline
Panel A: Variable Construction Sensitivity,R01,R01.3,T-24m,-0.0047,-3.9848,-0.012,-3.7138,2.2155,0.0267,46.9802,PASS,PASS,
Panel A: Variable Construction Sensitivity,R01,R01.4,T-EWMA,,,,,1.7009,0.089,61.5015,,PASS,
Panel A: Variable Construction Sensitivity,R01,R01.4,T-12m,,,,,2.6819,0.0073,97.0748,,PASS,
Panel A: Variable Construction Sensitivity,R01,R01.5,DS-CAPM,-0.0044,-3.5105,-0.0111,-3.1984,2.6982,0.007,100.2773,PASS,PASS,
Panel A: Variable Construction Sensitivity,R01,R01.5,DS-FF3,-0.0044,-3.5178,-0.0112,-3.2189,2.5199,0.0117,90.3585,PASS,PASS,baseline
Panel A: Variable Construction Sensitivity,R01,R01.5,DS-FF4,-0.0044,-3.5176,-0.0112,-3.2436,2.5834,0.0098,90.3786,PASS,PASS,
Panel A: Variable Construction Sensitivity,R01,R01.5,DS-FF5,-0.0044,-3.5207,-0.0112,-3.2275,2.5515,0.0107,92.0777,PASS,PASS,
Panel A: Variable Construction Sensitivity,R01,R01.6,DH-downside,-0.0041,-3.4743,-0.0103,-3.067,,,,PASS,,semi-deviation
Panel A: Variable Construction Sensitivity,R01,R01.6,DH-FF3res,-0.0046,-4.1487,-0.0109,-3.5803,,,,PASS,,expect collapse: DH==-DS
Panel A: Variable Construction Sensitivity,R01,R01.6,DH-total (baseline),-0.0047,-3.9806,-0.0119,-3.7019,,,,PASS,,baseline
Panel A: Variable Construction Sensitivity,R01,R01.7,wins-0pct,-0.0031,-2.8646,-0.0091,-2.8723,,,,PASS,,DH-wins-only
Panel A: Variable Construction Sensitivity,R01,R01.7,wins-0pct,-0.0035,-3.0139,-0.0091,-2.8552,,,,PASS,,DH-wins-only
Panel A: Variable Construction Sensitivity,R01,R01.7,wins-1pct,-0.0035,-2.985,-0.0091,-2.8499,,,,PASS,,baseline
Panel A: Variable Construction Sensitivity,R01,R01.7,wins-2pct,-0.0034,-2.9008,-0.009,-2.843,,,,PASS,,DH-wins-only
Panel A: Variable Construction Sensitivity,R01,R01.7,wins-5pct,-0.0033,-2.7963,-0.0091,-2.847,,,,PASS,,DH-wins-only
Panel A: Variable Construction Sensitivity,R01,R01.8,zscore,-0.0047,-3.9806,-0.0119,-3.7019,,,,PASS,,baseline
Panel A: Variable Construction Sensitivity,R01,R01.8,rank,-0.0041,-3.7312,-0.012,-3.7293,,,,PASS,,
Panel B: Sample and Time Period Sensitivity,R02,,Rolling 1995-01–1999-12,-0.0067,-2.0998,-0.02,-2.4603,,,,,,
Panel B: Sample and Time Period Sensitivity,R02,,Rolling 1995-07–2000-06,-0.0074,-1.8311,-0.0194,-1.8744,,,,,,
Panel B: Sample and Time Period Sensitivity,R02,,Rolling 1996-01–2000-12,-0.0078,-1.835,-0.0217,-2.021,,,,,,
Panel B: Sample and Time Period Sensitivity,R02,,Rolling 1996-07–2001-06,-0.0072,-1.6427,-0.0189,-1.7063,,,,,,
Panel B: Sample and Time Period Sensitivity,R02,,Rolling 1997-01–2001-12,-0.0074,-1.6848,-0.0193,-1.7283,,,,,,
Panel B: Sample and Time Period Sensitivity,R02,,Rolling 1997-07–2002-06,-0.0056,-1.176,-0.0139,-1.1481,,,,,,
Panel B: Sample and Time Period Sensitivity,R02,,Rolling 1998-01–2002-12,-0.0065,-1.379,-0.0165,-1.3798,,,,,,
Panel B: Sample and Time Period Sensitivity,R02,,Rolling 1998-07–2003-06,-0.008,-1.682,-0.0199,-1.6468,,,,,,
Panel B: Sample and Time Period Sensitivity,R02,,Rolling 1999-01–2003-12,-0.0072,-1.5212,-0.0176,-1.487,,,,,,
Panel B: Sample and Time Period Sensitivity,R02,,Rolling 1999-07–2004-06,-0.0057,-1.2275,-0.0142,-1.2179,,,,,,
Panel B: Sample and Time Period Sensitivity,R02,,Rolling 2000-01–2004-12,-0.0033,-0.9945,-0.0087,-0.981,,,,,,
Panel B: Sample and Time Period Sensitivity,R02,,Rolling 2000-07–2005-06,-0.0027,-0.933,-0.0068,-0.898,,,,,,
Panel B: Sample and Time Period Sensitivity,R02,,Rolling 2001-01–2005-12,-0.0038,-1.4302,-0.0099,-1.4486,,,,,,
Panel B: Sample and Time Period Sensitivity,R02,,Rolling 2001-07–2006-06,-0.0037,-1.4008,-0.0094,-1.3748,,,,,,
Panel B: Sample and Time Period Sensitivity,R02,,Rolling 2002-01–2006-12,-0.0039,-1.5317,-0.009,-1.3413,,,,,,
Panel B: Sample and Time Period Sensitivity,R02,,Rolling 2002-07–2007-06,-0.0063,-3.2958,-0.0153,-2.8531,,,,,,
Panel B: Sample and Time Period Sensitivity,R02,,Rolling 2003-01–2007-12,-0.0051,-2.6917,-0.0122,-2.2753,,,,,,
Panel B: Sample and Time Period Sensitivity,R02,,Rolling 2003-07–2008-06,-0.0038,-2.8644,-0.0083,-2.312,,,,,,
Panel B: Sample and Time Period Sensitivity,R02,,Rolling 2004-01–2008-12,-0.0022,-1.2617,-0.0026,-0.4781,,,,,,
Panel B: Sample and Time Period Sensitivity,R02,,Rolling 2004-07–2009-06,-0.0053,-2.0588,-0.0111,-1.4296,,,,,,
Panel B: Sample and Time Period Sensitivity,R02,,Rolling 2005-01–2009-12,-0.006,-2.0479,-0.0128,-1.5029,,,,,,
Panel B: Sample and Time Period Sensitivity,R02,,Rolling 2005-07–2010-06,-0.0057,-1.958,-0.0124,-1.4466,,,,,,
Panel B: Sample and Time Period Sensitivity,R02,,Rolling 2006-01–2010-12,-0.0056,-1.8961,-0.0134,-1.5289,,,,,,
Panel B: Sample and Time Period Sensitivity,R02,,Rolling 2006-07–2011-06,-0.0055,-1.8542,-0.0137,-1.5927,,,,,,
Panel B: Sample and Time Period Sensitivity,R02,,Rolling 2007-01–2011-12,-0.0049,-1.4981,-0.0125,-1.3265,,,,,,
Panel B: Sample and Time Period Sensitivity,R02,,Rolling 2007-07–2012-06,-0.0037,-1.112,-0.0092,-0.9634,,,,,,
Panel B: Sample and Time Period Sensitivity,R02,,Rolling 2008-01–2012-12,-0.0048,-1.4956,-0.0127,-1.3462,,,,,,
Panel B: Sample and Time Period Sensitivity,R02,,Rolling 2008-07–2013-06,-0.0049,-1.5751,-0.0129,-1.4172,,,,,,
Panel B: Sample and Time Period Sensitivity,R02,,Rolling 2009-01–2013-12,-0.0066,-2.2173,-0.0189,-2.2987,,,,,,
Panel B: Sample and Time Period Sensitivity,R02,,Rolling 2009-07–2014-06,-0.004,-2.1714,-0.0118,-2.1804,,,,,,
Panel B: Sample and Time Period Sensitivity,R02,,Rolling 2010-01–2014-12,-0.0026,-1.5308,-0.0084,-1.6091,,,,,,
Panel B: Sample and Time Period Sensitivity,R02,,Rolling 2010-07–2015-06,-0.0026,-1.5509,-0.0082,-1.6072,,,,,,
Panel B: Sample and Time Period Sensitivity,R02,,Rolling 2011-01–2015-12,-0.0008,-0.3908,-0.0023,-0.3951,,,,,,
Panel B: Sample and Time Period Sensitivity,R02,,Rolling 2011-07–2016-06,-0.0018,-1.1112,-0.0046,-0.9286,,,,,,
Panel B: Sample and Time Period Sensitivity,R02,,Rolling 2012-01–2016-12,-0.0026,-1.6467,-0.0066,-1.4243,,,,,,
Panel B: Sample and Time Period Sensitivity,R02,,Rolling 2012-07–2017-06,-0.0031,-2.0431,-0.0078,-1.7708,,,,,,
Panel B: Sample and Time Period Sensitivity,R02,,Rolling 2013-01–2017-12,-0.0027,-1.8546,-0.0065,-1.5418,,,,,,
Panel B: Sample and Time Period Sensitivity,R02,,Rolling 2013-07–2018-06,-0.0029,-1.9042,-0.0066,-1.5851,,,,,,
Panel B: Sample and Time Period Sensitivity,R02,,Rolling 2014-01–2018-12,-0.0023,-1.5311,-0.0038,-0.9165,,,,,,
Panel B: Sample and Time Period Sensitivity,R02,,Rolling 2014-07–2019-06,-0.0023,-1.5122,-0.0033,-0.7983,,,,,,
Panel B: Sample and Time Period Sensitivity,R02,,Rolling 2015-01–2019-12,-0.0029,-1.7987,-0.0045,-0.9954,,,,,,
Panel B: Sample and Time Period Sensitivity,R02,,Rolling 2015-07–2020-06,-0.0038,-2.0713,-0.0062,-1.2716,,,,,,
Panel B: Sample and Time Period Sensitivity,R02,,Rolling 2016-01–2020-12,-0.0067,-3.4852,-0.0144,-2.6195,,,,,,
Panel B: Sample and Time Period Sensitivity,R02,,Rolling 2016-07–2021-06,-0.0063,-2.9908,-0.0142,-2.3308,,,,,,
Panel B: Sample and Time Period Sensitivity,R02,,Rolling 2017-01–2021-12,-0.0059,-2.8183,-0.0123,-1.979,,,,,,
Panel B: Sample and Time Period Sensitivity,R02,,Rolling 2017-07–2022-06,-0.0059,-2.7013,-0.0116,-1.7647,,,,,,
Panel B: Sample and Time Period Sensitivity,R02,,Rolling 2018-01–2022-12,-0.0061,-2.7585,-0.0129,-1.8782,,,,,,
Panel B: Sample and Time Period Sensitivity,R02,,Rolling 2018-07–2023-06,-0.0063,-2.8405,-0.0144,-2.0865,,,,,,
Panel B: Sample and Time Period Sensitivity,R02,,1995-1999,-0.0067,-2.0998,-0.02,-2.4603,,,,,,
Panel B: Sample and Time Period Sensitivity,R02,,2000-2004,-0.0033,-0.9945,-0.0087,-0.981,,,,,,
Panel B: Sample and Time Period Sensitivity,R02,,2005-2009,-0.006,-2.0479,-0.0128,-1.5029,,,,,,
Panel B: Sample and Time Period Sensitivity,R02,,2010-2014,-0.0026,-1.5308,-0.0084,-1.6091,,,,,,
Panel B: Sample and Time Period Sensitivity,R02,,2015-2019,-0.0029,-1.7987,-0.0045,-0.9954,,,,,,
Panel B: Sample and Time Period Sensitivity,R02,,2020-2023,-0.007,-2.8047,-0.0184,-2.4305,,,,,,
Panel B: Sample and Time Period Sensitivity,R02,,Baseline (no exclusion),-0.0047,-3.9806,-0.0119,-3.7019,,,,,,
Panel B: Sample and Time Period Sensitivity,R02,,Exclude dot-com,-0.0054,-4.3459,-0.014,-4.0664,,,,,,
Panel B: Sample and Time Period Sensitivity,R02,,Exclude GFC,-0.0045,-4.0143,-0.0117,-3.8335,,,,,,
Panel B: Sample and Time Period Sensitivity,R02,,Exclude COVID,-0.0045,-3.8151,-0.0116,-3.5622,,,,,,
Panel B: Sample and Time Period Sensitivity,R02,,Exclude all crises,-0.0052,-4.2367,-0.0136,-4.0985,,,,,,
Panel B: Sample and Time Period Sensitivity,R02,,Baseline (all months),-0.0047,-3.9806,-0.0119,-3.7019,,,,,,
Panel B: Sample and Time Period Sensitivity,R02,,Exclude January,-0.0044,-3.9437,-0.0111,-3.512,,,,,,
Panel B: Sample and Time Period Sensitivity,R02,,Full sample,-0.0047,-3.9806,-0.0119,-3.7019,,,,,,
Panel B: Sample and Time Period Sensitivity,R02,,Large cap proxy (low vol),-0.0056,-4.0288,-0.0176,-4.1231,,,,,,
Panel B: Sample and Time Period Sensitivity,R02,,Mid cap proxy,-0.0038,-3.588,-0.0046,-3.1185,,,,,,
Panel B: Sample and Time Period Sensitivity,R02,,Small cap proxy (high vol),-0.0048,-3.4808,-0.0047,-3.2925,,,,,,
Panel B: Sample and Time Period Sensitivity,R02,,No sector FE (baseline),-0.0047,-3.9806,-0.0119,-3.7019,,,,,,
Panel B: Sample and Time Period Sensitivity,R02,,Sector FE (not available — no sector mapping file),,,,,,,,,,
Panel C: Statistical Methodology,R03,,NW lags=3,-0.0047,-3.9793,,,,,,,,
Panel C: Statistical Methodology,R03,,NW lags=6,-0.0047,-3.9806,,,,,,,,
Panel C: Statistical Methodology,R03,,NW lags=9,-0.0047,-3.9461,,,,,,,,
Panel C: Statistical Methodology,R03,,NW lags=12,-0.0047,-3.9776,,,,,,,,
Panel C: Statistical Methodology,R03,,NW lags=18,-0.0047,-4.1627,,,,,,,,
Panel C: Statistical Methodology,R03,,Winsorize 0.5%,-0.0047,-3.9809,,,,,,,,
Panel C: Statistical Methodology,R03,,Winsorize 1.0%,-0.0047,-3.9723,,,,,,,,
Panel C: Statistical Methodology,R03,,Winsorize 2.0%,-0.0051,-3.9831,,,,,,,,
Panel C: Statistical Methodology,R03,,Winsorize 5.0%,-0.0056,-3.9279,,,,,,,,
Panel C: Statistical Methodology,R03,,Pooled OLS (HC3),,,,,,,,,,
Panel C: Statistical Methodology,R03,,Pooled OLS + Stock FE,,,,,,,,,,
Panel C: Statistical Methodology,R03,,OLS cluster-by-time,,,,,,,,,,
Panel C: Statistical Methodology,R03,,FM on percentile ranks,,,,,,,,,,
Panel C: Statistical Methodology,R03,,Logistic (predict top quintile),,,,,,,,,,
Panel C: Statistical Methodology,R03,,WLS (1/vol weights),,,,,,,,,,
Panel D: Factor Controls,R04,,CAPM,,,,,,,,,,
Panel D: Factor Controls,R04,,FF3,,,,,,,,,,
Panel D: Factor Controls,R04,,FF5,,,,,,,,,,
Panel D: Factor Controls,R04,,FF5+UMD,,,,,,,,,,
Panel D: Factor Controls,R04,,Q4-factor,,,,,,,,,,
Panel D: Factor Controls,R04,,FM + market/SMB/HML betas,-0.004,-5.1569,,,,,,,,
Panel D: Factor Controls,R04,,DG + reversal (t-1),-0.0042,-3.718,,,,,,,,
Panel D: Factor Controls,R04,,DG + momentum (12-2),-0.0044,-3.8255,,,,,,,,
Panel D: Factor Controls,R04,,DG + reversal + momentum,-0.0039,-3.5631,,,,,,,,
Panel D: Factor Controls,R04,,DG within size-Q1 (vol proxy),-0.0045,-2.6802,,,,,,,,
Panel D: Factor Controls,R04,,DG within size-Q2 (vol proxy),-0.0037,-3.4317,,,,,,,,
Panel D: Factor Controls,R04,,DG within size-Q3 (vol proxy),-0.0049,-4.6082,,,,,,,,
Panel D: Factor Controls,R04,,DG within size-Q4 (vol proxy),-0.0054,-4.3904,,,,,,,,
Panel D: Factor Controls,R04,,DG within size-Q5 (vol proxy),-0.0053,-3.3188,,,,,,,,
Panel D: Factor Controls,R04,,FM + CAPM beta control,-0.0046,-4.6107,,,,,,,,
Panel E: Vuong Test Stress Tests,R05,,Full sample,,,,,-8.1171,0.0,-433.8412,,,
Panel E: Vuong Test Stress Tests,R05,,1995-2004,,,,,2.5392,0.0111,22.5472,,,
Panel E: Vuong Test Stress Tests,R05,,2005-2014,,,,,-2.6819,0.0073,-93.7937,,,
Panel E: Vuong Test Stress Tests,R05,,2015-2023,,,,,-9.8657,0.0,-784.8005,,,
Panel E: Vuong Test Stress Tests,R05,,Pre-GFC,,,,,1.5321,0.1255,16.5057,,,
Panel E: Vuong Test Stress Tests,R05,,Post-GFC,,,,,-11.3436,0.0,-732.2587,,,
Panel E: Vuong Test Stress Tests,R05,,Constrained vs DH + DS (no T),,,,,2.7076,0.0068,94.3005,,,
Panel E: Vuong Test Stress Tests,R05,,Constrained vs DH + DS + T separate,,,,,-8.1171,0.0,-433.8412,,,
Panel E: Vuong Test Stress Tests,R05,,Constrained vs DH + T·DS + T as own,,,,,-8.8128,0.0,-528.5364,,,
Panel E: Vuong Test Stress Tests,R05,,Constrained vs ΔS only,,,,,3.2734,0.0011,113.9294,,,
Panel E: Vuong Test Stress Tests,R05,,Constrained vs ΔH only,,,,,2.971,0.003,117.2135,,,
Panel E: Vuong Test Stress Tests,R05,,Rolling 1995-01–1999-12,,,,,2.0946,0.0362,25.6499,,,
Panel E: Vuong Test Stress Tests,R05,,Rolling 1996-01–2000-12,,,,,0.1928,0.8471,2.9972,,,
Panel E: Vuong Test Stress Tests,R05,,Rolling 1997-01–2001-12,,,,,-0.3523,0.7246,0.9948,,,
Panel E: Vuong Test Stress Tests,R05,,Rolling 1998-01–2002-12,,,,,-2.6039,0.0092,-18.6023,,,
Panel E: Vuong Test Stress Tests,R05,,Rolling 1999-01–2003-12,,,,,-3.2072,0.0013,-37.6079,,,
Panel E: Vuong Test Stress Tests,R05,,Rolling 2000-01–2004-12,,,,,-0.9351,0.3497,-4.8807,,,
Panel E: Vuong Test Stress Tests,R05,,Rolling 2001-01–2005-12,,,,,-0.1737,0.8621,0.7286,,,
Panel E: Vuong Test Stress Tests,R05,,Rolling 2002-01–2006-12,,,,,0.065,0.9482,2.6717,,,
Panel E: Vuong Test Stress Tests,R05,,Rolling 2003-01–2007-12,,,,,-6.5422,0.0,-209.1402,,,
Panel E: Vuong Test Stress Tests,R05,,Rolling 2004-01–2008-12,,,,,-7.907,0.0,-666.2029,,,
Panel E: Vuong Test Stress Tests,R05,,Rolling 2005-01–2009-12,,,,,-4.1644,0.0,-115.6106,,,
Panel E: Vuong Test Stress Tests,R05,,Rolling 2006-01–2010-12,,,,,-4.6625,0.0,-145.0945,,,
Panel E: Vuong Test Stress Tests,R05,,Rolling 2007-01–2011-12,,,,,-6.1499,0.0,-230.044,,,
Panel E: Vuong Test Stress Tests,R05,,Rolling 2008-01–2012-12,,,,,-4.6358,0.0,-152.5712,,,
Panel E: Vuong Test Stress Tests,R05,,Rolling 2009-01–2013-12,,,,,-5.6837,0.0,-250.0418,,,
Panel E: Vuong Test Stress Tests,R05,,Rolling 2010-01–2014-12,,,,,-4.6972,0.0,-65.9996,,,
Panel E: Vuong Test Stress Tests,R05,,Rolling 2011-01–2015-12,,,,,-3.0992,0.0019,-29.5499,,,
Panel E: Vuong Test Stress Tests,R05,,Rolling 2012-01–2016-12,,,,,-1.5924,0.1113,-7.8852,,,
Panel E: Vuong Test Stress Tests,R05,,Rolling 2013-01–2017-12,,,,,-0.5617,0.5743,0.9541,,,
Panel E: Vuong Test Stress Tests,R05,,Rolling 2014-01–2018-12,,,,,-3.1598,0.0016,-40.4491,,,
Panel E: Vuong Test Stress Tests,R05,,Rolling 2015-01–2019-12,,,,,-4.3375,0.0,-109.0234,,,
Panel E: Vuong Test Stress Tests,R05,,Rolling 2016-01–2020-12,,,,,-6.8181,0.0,-528.7668,,,
Panel E: Vuong Test Stress Tests,R05,,Rolling 2017-01–2021-12,,,,,-7.4607,0.0,-771.9528,,,
Panel E: Vuong Test Stress Tests,R05,,Rolling 2018-01–2022-12,,,,,-8.7451,0.0,-1007.2269,,,
Panel E: Vuong Test Stress Tests,R05,,Baseline T (market vol),,,,,-8.1171,0.0,-433.8412,,,
Panel E: Vuong Test Stress Tests,R05,,T = CS return dispersion,,,,,-5.3361,0.0,-171.6563,,,
Panel E: Vuong Test Stress Tests,R05,,T = 12m realized vol,,,,,-2.1628,0.0306,-61.0115,,,
Panel E: Vuong Test Stress Tests,R05,,Full AIC/BIC decomposition,,,,,-8.1171,0.0,,,,
Panel F: Regime Identification,R06,,Threshold median: High-T (disordered),-0.0072,-3.4437,,,,,,,,
Panel F: Regime Identification,R06,,Threshold median: Low-T (ordered),-0.0021,-2.235,,,,,,,,
Panel F: Regime Identification,R06,,Threshold Q3: High-T (disordered),-0.0087,-3.8919,,,,,,,,
Panel F: Regime Identification,R06,,Threshold Q3: Low-T (ordered),-0.0026,-2.1978,,,,,,,,
Panel F: Regime Identification,R06,,Threshold Q1: High-T (disordered),-0.0053,-3.1642,,,,,,,,
Panel F: Regime Identification,R06,,Threshold Q1: Low-T (ordered),-0.0033,-3.6399,,,,,,,,
Panel F: Regime Identification,R06,,Markov High-T (disordered),-0.0056,-3.1187,,,,,,,,
Panel F: Regime Identification,R06,,Markov Low-T (ordered),-0.0032,-3.6825,,,,,,,,
Panel F: Regime Identification,R06,,DG + T,-0.0047,-3.9768,,,,,,,,
Panel F: Regime Identification,R06,,DG + T + DG×T,-2319798619.9197,-1.7887,,,,,,,,
Panel F: Regime Identification,R06,,DG×T alone,0.0004,0.4081,,,,,,,,
Panel F: Regime Identification,R06,,T window=12m,-0.0047,-3.9658,,,,,,,,
Panel F: Regime Identification,R06,,T window=24m,-0.0048,-3.9929,,,,,,,,
Panel F: Regime Identification,R06,,T window=36m,-0.0049,-3.9858,,,,,,,,
Panel F: Regime Identification,R06,,T window=60m,-0.005,-3.9796,,,,,,,,
Panel F: Regime Identification,R06,,High-T (disordered),,,-0.0196,-3.5072,,,,,,
Panel F: Regime Identification,R06,,Low-T (ordered),,,-0.0042,-1.3921,,,,,,
Panel G: Alternative Explanations,R07,,FM: DG + DS_z (AHXZ control),-0.0033,-1.5394,,,,,,,,
Panel G: Alternative Explanations,R07,,FM on DG residual (orthog to DS_z),-0.0033,-1.5394,,,,,,,,
Panel G: Alternative Explanations,R07,,DG + 12m vol,-0.0019,-1.7671,,,,,,,,
Panel G: Alternative Explanations,R07,,DG + ΔH (quality proxy),,-1.2777,,,,,,,,
Panel G: Alternative Explanations,R07,,DG + ΔH + ΔS,,-1.5633,,,,,,,,
Panel G: Alternative Explanations,R07,,DH + DS (no DG),,,,,,,,,,
Panel G: Alternative Explanations,R07,,DG + past_ret (growth proxy),-0.0043,-3.6666,,,,,,,,
Panel G: Alternative Explanations,R07,,OLS: ret ~ DG,,,,,,,,,,
Panel G: Alternative Explanations,R07,,OLS: ret ~ DH_z,,,,,,,,,,
Panel G: Alternative Explanations,R07,,OLS: ret ~ DS_z,,,,,,,,,,
Panel H: Microstructure and Timing,R08,,After 0 bps TC,,,,,,,,,,
Panel H: Microstructure and Timing,R08,,After 10 bps TC,,,,,,,,,,
Panel H: Microstructure and Timing,R08,,After 20 bps TC,,,,,,,,,,
Panel H: Microstructure and Timing,R08,,After 30 bps TC,,,,,,,,,,
Panel H: Microstructure and Timing,R08,,After 50 bps TC,,,,,,,,,,
Panel H: Microstructure and Timing,R08,,Baseline (t+1),-0.0047,-3.9806,,,,,,,,
Panel H: Microstructure and Timing,R08,,Skip-month (t+2),-0.0045,-3.7349,,,,,,,,
Panel H: Microstructure and Timing,R08,,1m,-0.0046,-3.9208,,,,,,,,
Panel H: Microstructure and Timing,R08,,3m,-0.0137,-3.8739,,,,,,,,
Panel H: Microstructure and Timing,R08,,6m,-0.0274,-4.0765,,,,,,,,
Panel H: Microstructure and Timing,R08,,12m,-0.0574,-4.3697,,,,,,,,
Panel H: Microstructure and Timing,R08,,Monthly portfolio turnover,,,,,,,,,,
Panel H: Microstructure and Timing,R08,,Full sample,,-3.9806,-0.0119,-3.7019,,,,,,
Panel H: Microstructure and Timing,R08,,Liquid stocks (low vol 50%),,-4.2619,-0.0059,-4.1628,,,,,,
Panel I: Economic Significance,R09,,L/S (Q5-Q1),,,,,,,,,,
Panel I: Economic Significance,R09,,Q1 (pure long),,,,,,,,,,
Panel I: Economic Significance,R09,,Q2 (pure long),,,,,,,,,,
Panel I: Economic Significance,R09,,Q3 (pure long),,,,,,,,,,
Panel I: Economic Significance,R09,,Q4 (pure long),,,,,,,,,,
Panel I: Economic Significance,R09,,Q5 (pure long),,,,,,,,,,
Panel I: Economic Significance,R09,,,,,,,,,,,,
Panel I: Economic Significance,R09,,,,,,,,,,,,
Panel I: Economic Significance,R09,,,,,,,,,,,,
Panel I: Economic Significance,R09,,,,,,,,,,,,
Panel I: Economic Significance,R09,,,,,,,,,,,,
Panel I: Economic Significance,R09,,,,,,,,,,,,
Panel I: Economic Significance,R09,,,,,,,,,,,,
Panel I: Economic Significance,R09,,,,,,,,,,,,
Panel I: Economic Significance,R09,,,,,,,,,,,,
Panel I: Economic Significance,R09,,,,,,,,,,,,
Panel I: Economic Significance,R09,,,,,,,,,,,,
Panel I: Economic Significance,R09,,,,,,,,,,,,
Panel I: Economic Significance,R09,,,,,,,,,,,,
Panel I: Economic Significance,R09,,,,,,,,,,,,
Panel I: Economic Significance,R09,,,,,,,,,,,,
Panel I: Economic Significance,R09,,,,,,,,,,,,
Panel I: Economic Significance,R09,,,,,,,,,,,,
Panel I: Economic Significance,R09,,,,,,,,,,,,
Panel I: Economic Significance,R09,,,,,,,,,,,,
Panel I: Economic Significance,R09,,,,,,,,,,,,
Panel I: Economic Significance,R09,,,,,,,,,,,,
Panel I: Economic Significance,R09,,,,,,,,,,,,
Panel I: Economic Significance,R09,,,,,,,,,,,,
Panel I: Economic Significance,R09,,,,,,,,,,,,
Panel I: Economic Significance,R09,,,,,,,,,,,,
Panel I: Economic Significance,R09,,,,,,,,,,,,
Panel I: Economic Significance,R09,,,,,,,,,,,,
Panel I: Economic Significance,R09,,,,,,,,,,,,
Panel I: Economic Significance,R09,,,,,,,,,,,,
Panel I: Economic Significance,R09,,,,,,,,,,,,
Panel I: Economic Significance,R09,,,,,,,,,,,,
Panel I: Economic Significance,R09,,,,,,,,,,,,
Panel I: Economic Significance,R09,,,,,,,,,,,,
Panel I: Economic Significance,R09,,,,,,,,,,,,
Panel I: Economic Significance,R09,,,,,,,,,,,,
Panel I: Economic Significance,R09,,,,,,,,,,,,
Panel I: Economic Significance,R09,,,,,,,,,,,,
Panel I: Economic Significance,R09,,,,,,,,,,,,
Panel I: Economic Significance,R09,,,,,,,,,,,,
Panel I: Economic Significance,R09,,,,,,,,,,,,
Panel I: Economic Significance,R09,,,,,,,,,,,,
Panel I: Economic Significance,R09,,,,,,,,,,,,
Panel I: Economic Significance,R09,,,,,,,,,,,,
Panel I: Economic Significance,R09,,,,,,,,,,,,
Panel I: Economic Significance,R09,,,,,,,,,,,,
Panel I: Economic Significance,R09,,,,,,,,,,,,
Panel I: Economic Significance,R09,,,,,,,,,,,,
Panel I: Economic Significance,R09,,,,,,,,,,,,
Panel I: Economic Significance,R09,,,,,,,,,,,,
Panel I: Economic Significance,R09,,,,,,,,,,,,
Panel I: Economic Significance,R09,,,,,,,,,,,,
Panel I: Economic Significance,R09,,,,,,,,,,,,
Panel I: Economic Significance,R09,,,,,,,,,,,,
Panel I: Economic Significance,R09,,,,,,,,,,,,
Panel I: Economic Significance,R09,,,,,,,,,,,,
Panel I: Economic Significance,R09,,,,,,,,,,,,
Panel I: Economic Significance,R09,,,,,,,,,,,,
Panel I: Economic Significance,R09,,,,,,,,,,,,
Panel I: Economic Significance,R09,,,,,,,,,,,,
Panel I: Economic Significance,R09,,,,,,,,,,,,
Panel I: Economic Significance,R09,,,,,,,,,,,,
Panel I: Economic Significance,R09,,,,,,,,,,,,
Panel I: Economic Significance,R09,,,,,,,,,,,,
Panel I: Economic Significance,R09,,,,,,,,,,,,
Panel I: Economic Significance,R09,,,,,,,,,,,,
Panel I: Economic Significance,R09,,,,,,,,,,,,
Panel I: Economic Significance,R09,,,,,,,,,,,,
Panel I: Economic Significance,R09,,,,,,,,,,,,
Panel I: Economic Significance,R09,,,,,,,,,,,,
Panel I: Economic Significance,R09,,,,,,,,,,,,
Panel I: Economic Significance,R09,,,,,,,,,,,,
Panel I: Economic Significance,R09,,,,,,,,,,,,
Panel I: Economic Significance,R09,,,,,,,,,,,,
Panel I: Economic Significance,R09,,,,,,,,,,,,
Panel I: Economic Significance,R09,,,,,,,,,,,,
Panel I: Economic Significance,R09,,,,,,,,,,,,
Panel I: Economic Significance,R09,,,,,,,,,,,,
Panel I: Economic Significance,R09,,,,,,,,,,,,
Panel I: Economic Significance,R09,,,,,,,,,,,,
Panel I: Economic Significance,R09,,,,,,,,,,,,
Panel I: Economic Significance,R09,,,,,,,,,,,,
Panel I: Economic Significance,R09,,,,,,,,,,,,
Panel I: Economic Significance,R09,,,,,,,,,,,,
Panel I: Economic Significance,R09,,,,,,,,,,,,
Panel I: Economic Significance,R09,,,,,,,,,,,,
Panel I: Economic Significance,R09,,,,,,,,,,,,
Panel I: Economic Significance,R09,,,,,,,,,,,,
Panel I: Economic Significance,R09,,,,,,,,,,,,
Panel I: Economic Significance,R09,,,,,,,,,,,,
Panel I: Economic Significance,R09,,,,,,,,,,,,
Panel I: Economic Significance,R09,,,,,,,,,,,,
Panel I: Economic Significance,R09,,,,,,,,,,,,
Panel I: Economic Significance,R09,,,,,,,,,,,,
Panel I: Economic Significance,R09,,,,,,,,,,,,
Panel I: Economic Significance,R09,,,,,,,,,,,,
Panel I: Economic Significance,R09,,,,,,,,,,,,
Panel I: Economic Significance,R09,,,,,,,,,,,,
Panel I: Economic Significance,R09,,,,,,,,,,,,
Panel I: Economic Significance,R09,,,,,,,,,,,,
Panel I: Economic Significance,R09,,,,,,,,,,,,
Panel I: Economic Significance,R09,,,,,,,,,,,,
Panel I: Economic Significance,R09,,,,,,,,,,,,
Panel I: Economic Significance,R09,,,,,,,,,,,,
Panel I: Economic Significance,R09,,,,,,,,,,,,
Panel I: Economic Significance,R09,,,,,,,,,,,,
Panel I: Economic Significance,R09,,,,,,,,,,,,
Panel I: Economic Significance,R09,,,,,,,,,,,,
Panel I: Economic Significance,R09,,,,,,,,,,,,
Panel I: Economic Significance,R09,,,,,,,,,,,,
Panel I: Economic Significance,R09,,,,,,,,,,,,
Panel I: Economic Significance,R09,,,,,,,,,,,,
Panel I: Economic Significance,R09,,,,,,,,,,,,
Panel I: Economic Significance,R09,,,,,,,,,,,,
Panel I: Economic Significance,R09,,,,,,,,,,,,
Panel I: Economic Significance,R09,,,,,,,,,,,,
Panel I: Economic Significance,R09,,,,,,,,,,,,
Panel I: Economic Significance,R09,,,,,,,,,,,,
Panel I: Economic Significance,R09,,,,,,,,,,,,
Panel I: Economic Significance,R09,,,,,,,,,,,,
Panel I: Economic Significance,R09,,,,,,,,,,,,
Panel I: Economic Significance,R09,,,,,,,,,,,,
Panel I: Economic Significance,R09,,,,,,,,,,,,
Panel I: Economic Significance,R09,,,,,,,,,,,,
Panel I: Economic Significance,R09,,,,,,,,,,,,
Panel I: Economic Significance,R09,,,,,,,,,,,,
Panel I: Economic Significance,R09,,,,,,,,,,,,
Panel I: Economic Significance,R09,,,,,,,,,,,,
Panel I: Economic Significance,R09,,,,,,,,,,,,
Panel I: Economic Significance,R09,,,,,,,,,,,,
Panel I: Economic Significance,R09,,,,,,,,,,,,
Panel I: Economic Significance,R09,,,,,,,,,,,,
Panel I: Economic Significance,R09,,,,,,,,,,,,
Panel I: Economic Significance,R09,,,,,,,,,,,,
Panel I: Economic Significance,R09,,,,,,,,,,,,
Panel I: Economic Significance,R09,,,,,,,,,,,,
Panel I: Economic Significance,R09,,,,,,,,,,,,
Panel I: Economic Significance,R09,,,,,,,,,,,,
Panel I: Economic Significance,R09,,,,,,,,,,,,
Panel I: Economic Significance,R09,,,,,,,,,,,,
Panel I: Economic Significance,R09,,,,,,,,,,,,
Panel I: Economic Significance,R09,,,,,,,,,,,,
Panel I: Economic Significance,R09,,,,,,,,,,,,
Panel I: Economic Significance,R09,,,,,,,,,,,,
Panel I: Economic Significance,R09,,,,,,,,,,,,
Panel I: Economic Significance,R09,,,,,,,,,,,,
Panel I: Economic Significance,R09,,,,,,,,,,,,
Panel I: Economic Significance,R09,,,,,,,,,,,,
Panel I: Economic Significance,R09,,,,,,,,,,,,
Panel I: Economic Significance,R09,,,,,,,,,,,,
Panel I: Economic Significance,R09,,,,,,,,,,,,
Panel I: Economic Significance,R09,,,,,,,,,,,,
Panel I: Economic Significance,R09,,,,,,,,,,,,
Panel I: Economic Significance,R09,,,,,,,,,,,,
Panel I: Economic Significance,R09,,,,,,,,,,,,
Panel I: Economic Significance,R09,,,,,,,,,,,,
Panel I: Economic Significance,R09,,,,,,,,,,,,
Panel I: Economic Significance,R09,,,,,,,,,,,,
Panel I: Economic Significance,R09,,,,,,,,,,,,
Panel I: Economic Significance,R09,,,,,,,,,,,,
Panel I: Economic Significance,R09,,,,,,,,,,,,
Panel I: Economic Significance,R09,,,,,,,,,,,,
Panel I: Economic Significance,R09,,,,,,,,,,,,
Panel I: Economic Significance,R09,,,,,,,,,,,,
Panel I: Economic Significance,R09,,,,,,,,,,,,
Panel I: Economic Significance,R09,,,,,,,,,,,,
Panel I: Economic Significance,R09,,,,,,,,,,,,
Panel I: Economic Significance,R09,,,,,,,,,,,,
Panel I: Economic Significance,R09,,,,,,,,,,,,
Panel I: Economic Significance,R09,,,,,,,,,,,,
Panel I: Economic Significance,R09,,,,,,,,,,,,
Panel I: Economic Significance,R09,,,,,,,,,,,,
Panel I: Economic Significance,R09,,,,,,,,,,,,
Panel I: Economic Significance,R09,,,,,,,,,,,,
Panel I: Economic Significance,R09,,,,,,,,,,,,
Panel I: Economic Significance,R09,,,,,,,,,,,,
Panel I: Economic Significance,R09,,,,,,,,,,,,
Panel I: Economic Significance,R09,,,,,,,,,,,,
Panel I: Economic Significance,R09,,,,,,,,,,,,
Panel I: Economic Significance,R09,,,,,,,,,,,,
Panel I: Economic Significance,R09,,,,,,,,,,,,
Panel I: Economic Significance,R09,,,,,,,,,,,,
Panel I: Economic Significance,R09,,,,,,,,,,,,
Panel I: Economic Significance,R09,,,,,,,,,,,,
Panel I: Economic Significance,R09,,,,,,,,,,,,
Panel I: Economic Significance,R09,,,,,,,,,,,,
Panel I: Economic Significance,R09,,,,,,,,,,,,
Panel I: Economic Significance,R09,,,,,,,,,,,,
Panel I: Economic Significance,R09,,,,,,,,,,,,
Panel I: Economic Significance,R09,,,,,,,,,,,,
Panel I: Economic Significance,R09,,,,,,,,,,,,
Panel I: Economic Significance,R09,,,,,,,,,,,,
Panel I: Economic Significance,R09,,,,,,,,,,,,
Panel I: Economic Significance,R09,,,,,,,,,,,,
Panel I: Economic Significance,R09,,,,,,,,,,,,
Panel I: Economic Significance,R09,,,,,,,,,,,,
Panel I: Economic Significance,R09,,,,,,,,,,,,
Panel I: Economic Significance,R09,,,,,,,,,,,,
Panel I: Economic Significance,R09,,,,,,,,,,,,
Panel I: Economic Significance,R09,,,,,,,,,,,,
Panel I: Economic Significance,R09,,,,,,,,,,,,
Panel I: Economic Significance,R09,,,,,,,,,,,,
Panel I: Economic Significance,R09,,,,,,,,,,,,
Panel I: Economic Significance,R09,,,,,,,,,,,,
Panel I: Economic Significance,R09,,,,,,,,,,,,
Panel I: Economic Significance,R09,,,,,,,,,,,,
Panel I: Economic Significance,R09,,,,,,,,,,,,
Panel I: Economic Significance,R09,,,,,,,,,,,,
Panel I: Economic Significance,R09,,,,,,,,,,,,
Panel I: Economic Significance,R09,,,,,,,,,,,,
Panel I: Economic Significance,R09,,,,,,,,,,,,
Panel I: Economic Significance,R09,,,,,,,,,,,,
Panel I: Economic Significance,R09,,,,,,,,,,,,
Panel I: Economic Significance,R09,,,,,,,,,,,,
Panel I: Economic Significance,R09,,,,,,,,,,,,
Panel I: Economic Significance,R09,,,,,,,,,,,,
Panel I: Economic Significance,R09,,,,,,,,,,,,
Panel I: Economic Significance,R09,,,,,,,,,,,,
Panel I: Economic Significance,R09,,,,,,,,,,,,
Panel I: Economic Significance,R09,,,,,,,,,,,,
Panel I: Economic Significance,R09,,,,,,,,,,,,
Panel I: Economic Significance,R09,,,,,,,,,,,,
Panel I: Economic Significance,R09,,,,,,,,,,,,
Panel I: Economic Significance,R09,,,,,,,,,,,,
Panel I: Economic Significance,R09,,,,,,,,,,,,
Panel I: Economic Significance,R09,,,,,,,,,,,,
Panel I: Economic Significance,R09,,,,,,,,,,,,
Panel I: Economic Significance,R09,,,,,,,,,,,,
Panel I: Economic Significance,R09,,,,,,,,,,,,
Panel I: Economic Significance,R09,,,,,,,,,,,,
Panel I: Economic Significance,R09,,,,,,,,,,,,
Panel I: Economic Significance,R09,,,,,,,,,,,,
Panel I: Economic Significance,R09,,,,,,,,,,,,
Panel I: Economic Significance,R09,,,,,,,,,,,,
Panel I: Economic Significance,R09,,,,,,,,,,,,
Panel I: Economic Significance,R09,,,,,,,,,,,,
Panel I: Economic Significance,R09,,,,,,,,,,,,
Panel I: Economic Significance,R09,,,,,,,,,,,,
Panel I: Economic Significance,R09,,,,,,,,,,,,
Panel I: Economic Significance,R09,,,,,,,,,,,,
Panel I: Economic Significance,R09,,,,,,,,,,,,
Panel I: Economic Significance,R09,,,,,,,,,,,,
Panel I: Economic Significance,R09,,,,,,,,,,,,
Panel I: Economic Significance,R09,,,,,,,,,,,,
Panel I: Economic Significance,R09,,,,,,,,,,,,
Panel I: Economic Significance,R09,,,,,,,,,,,,
Panel I: Economic Significance,R09,,,,,,,,,,,,
Panel I: Economic Significance,R09,,,,,,,,,,,,
Panel I: Economic Significance,R09,,,,,,,,,,,,
Panel I: Economic Significance,R09,,,,,,,,,,,,
Panel I: Economic Significance,R09,,,,,,,,,,,,
Panel I: Economic Significance,R09,,,,,,,,,,,,
Panel I: Economic Significance,R09,,,,,,,,,,,,
Panel I: Economic Significance,R09,,,,,,,,,,,,
Panel I: Economic Significance,R09,,,,,,,,,,,,
Panel I: Economic Significance,R09,,,,,,,,,,,,
Panel I: Economic Significance,R09,,,,,,,,,,,,
Panel I: Economic Significance,R09,,,,,,,,,,,,
Panel I: Economic Significance,R09,,,,,,,,,,,,
Panel I: Economic Significance,R09,,,,,,,,,,,,
Panel I: Economic Significance,R09,,,,,,,,,,,,
Panel I: Economic Significance,R09,,,,,,,,,,,,
Panel I: Economic Significance,R09,,,,,,,,,,,,
Panel I: Economic Significance,R09,,,,,,,,,,,,
Panel I: Economic Significance,R09,,,,,,,,,,,,
Panel I: Economic Significance,R09,,,,,,,,,,,,
Panel I: Economic Significance,R09,,,,,,,,,,,,
Panel I: Economic Significance,R09,,,,,,,,,,,,
Panel I: Economic Significance,R09,,,,,,,,,,,,
Panel I: Economic Significance,R09,,,,,,,,,,,,
Panel I: Economic Significance,R09,,,,,,,,,,,,
Panel I: Economic Significance,R09,,,,,,,,,,,,
Panel I: Economic Significance,R09,,,,,,,,,,,,
Panel I: Economic Significance,R09,,,,,,,,,,,,
Panel I: Economic Significance,R09,,,,,,,,,,,,
Panel I: Economic Significance,R09,,,,,,,,,,,,
Panel I: Economic Significance,R09,,,,,,,,,,,,
Panel I: Economic Significance,R09,,,,,,,,,,,,
Panel I: Economic Significance,R09,,,,,,,,,,,,
Panel I: Economic Significance,R09,,,,,,,,,,,,
Panel I: Economic Significance,R09,,,,,,,,,,,,
Panel I: Economic Significance,R09,,,,,,,,,,,,
Panel I: Economic Significance,R09,,,,,,,,,,,,
Panel I: Economic Significance,R09,,,,,,,,,,,,
Panel I: Economic Significance,R09,,,,,,,,,,,,
Panel I: Economic Significance,R09,,,,,,,,,,,,
Panel I: Economic Significance,R09,,,,,,,,,,,,
Panel I: Economic Significance,R09,,,,,,,,,,,,
Panel I: Economic Significance,R09,,,,,,,,,,,,
Panel I: Economic Significance,R09,,,,,,,,,,,,
Panel I: Economic Significance,R09,,,,,,,,,,,,
Panel I: Economic Significance,R09,,,,,,,,,,,,
Panel I: Economic Significance,R09,,,,,,,,,,,,
Panel I: Economic Significance,R09,,,,,,,,,,,,
Panel I: Economic Significance,R09,,,,,,,,,,,,
Panel I: Economic Significance,R09,,,,,,,,,,,,
Panel I: Economic Significance,R09,,,,,,,,,,,,
Panel I: Economic Significance,R09,,,,,,,,,,,,
Panel I: Economic Significance,R09,,,,,,,,,,,,
Panel I: Economic Significance,R09,,,,,,,,,,,,
Panel I: Economic Significance,R09,,,,,,,,,,,,
Panel I: Economic Significance,R09,,,,,,,,,,,,
Panel I: Economic Significance,R09,,,,,,,,,,,,
Panel I: Economic Significance,R09,,,,,,,,,,,,
Panel I: Economic Significance,R09,,,,,,,,,,,,
Panel I: Economic Significance,R09,,,,,,,,,,,,
Panel I: Economic Significance,R09,,,,,,,,,,,,
Panel I: Economic Significance,R09,,,,,,,,,,,,
Panel I: Economic Significance,R09,,,,,,,,,,,,
Panel I: Economic Significance,R09,,,,,,,,,,,,
Panel I: Economic Significance,R09,,,,,,,,,,,,
Panel I: Economic Significance,R09,,,,,,,,,,,,
Panel I: Economic Significance,R09,,,,,,,,,,,,
Panel I: Economic Significance,R09,,,,,,,,,,,,
Panel I: Economic Significance,R09,,,,,,,,,,,,
Panel I: Economic Significance,R09,,,,,,,,,,,,
Panel I: Economic Significance,R09,,,,,,,,,,,,
Panel I: Economic Significance,R09,,,,,,,,,,,,
Panel I: Economic Significance,R09,,,,,,,,,,,,
Panel I: Economic Significance,R09,,,,,,,,,,,,
Panel I: Economic Significance,R09,,,,,,,,,,,,
Panel I: Economic Significance,R09,,,,,,,,,,,,
Panel I: Economic Significance,R09,,,,,,,,,,,,
Panel I: Economic Significance,R09,,,,,,,,,,,,
Panel I: Economic Significance,R09,,,,,,,,,,,,
Panel I: Economic Significance,R09,,,,,,,,,,,,
Panel I: Economic Significance,R09,,,,,,,,,,,,
Panel I: Economic Significance,R09,,,,,,,,,,,,
Panel I: Economic Significance,R09,,,,,,,,,,,,
Panel I: Economic Significance,R09,,,,,,,,,,,,
Panel I: Economic Significance,R09,,,,,,,,,,,,
Panel I: Economic Significance,R09,,,,,,,,,,,,
Panel I: Economic Significance,R09,,,,,,,,,,,,
Panel I: Economic Significance,R09,,,,,,,,,,,,
Panel I: Economic Significance,R09,,,,,,,,,,,,
Panel I: Economic Significance,R09,,,,,,,,,,,,
Panel I: Economic Significance,R09,,,,,,,,,,,,
Panel I: Economic Significance,R09,,,,,,,,,,,,
Panel I: Economic Significance,R09,,,,,,,,,,,,
Panel I: Economic Significance,R09,,,,,,,,,,,,
Panel I: Economic Significance,R09,,,,,,,,,,,,
Panel I: Economic Significance,R09,,,,,,,,,,,,
Panel I: Economic Significance,R09,,,,,,,,,,,,
Panel I: Economic Significance,R09,,,,,,,,,,,,
Panel I: Economic Significance,R09,,,,,,,,,,,,
Panel I: Economic Significance,R09,,,,,,,,,,,,
Panel I: Economic Significance,R09,,,,,,,,,,,,
Panel I: Economic Significance,R09,,,,,,,,,,,,
Panel I: Economic Significance,R09,,Market Q1 Bear,,,-0.0161,-2.1973,,,,,,
Panel I: Economic Significance,R09,,Market Q2,,,-0.0109,-2.8388,,,,,,
Panel I: Economic Significance,R09,,Market Q3,,,-0.0031,-0.7403,,,,,,
Panel I: Economic Significance,R09,,Market Q4 Bull,,,-0.0175,-2.639,,,,,,
Panel I: Economic Significance,R09,,Q1/Q5 balance,,,,,,,,,,
Panel I: Economic Significance,R09,,Economic magnitude,-0.0047,,,,,,,,,
Panel I: Economic Significance,R09,,Monthly IC (Spearman),,,,,,,,,,
Panel J: Multiple Testing Corrections,R10,R10.1,BHY-FM-primary,,,,,,,,,,BHY FDR correction; 244 specs
Panel J: Multiple Testing Corrections,R10,R10.2,Bonferroni-primary,,,,,,,,,,Bonf thresh=0.000205; N=1000 survives=False
Panel J: Multiple Testing Corrections,R10,R10.2,Bonferroni-N1000-conservative,,,,,,,,,,conservative upper bound for total tests
Panel J: Multiple Testing Corrections,R10,R10.3,HL2020-p0=0.33,,,,,,,,,,posterior P(true|t=-3.98)=0.9852
Panel J: Multiple Testing Corrections,R10,R10.3,HL2020-p0=0.50,,,,,,,,,,posterior P(true|t=-3.98)=0.9926
Panel J: Multiple Testing Corrections,R10,R10.3,HL2020-p0=0.10,,,,,,,,,,posterior P(true|t=-3.98)=0.9368
Panel K: Bootstrap Inference,R11,R11.1,bootstrap-FM-t,,,,,,,,,,CI contains zero: False
Panel K: Bootstrap Inference,R11,R11.2,bootstrap-LS-mean,,,,,,,,,,"skew=-0.24, kurt=0.18"
Panel K: Bootstrap Inference,R11,R11.3,bootstrap-Vuong-Z,,,,,,,,,,actual Vuong p=0.0068
