spec,fm_coef_DG,fm_t_DG,fm_p_DG,ls_monthly_ret,ls_t,n_months,n_stocks,pass_h1_sign,pass_h1_t,category,note
Rolling 1995-01–1999-12,-0.006652035062060358,-2.0997588164345853,0.035750062740190325,-0.020041774938542565,-2.4603465650722467,60.0,287.0,PASS,MARGINAL,R02.1_rolling_windows,
Rolling 1995-07–2000-06,-0.007442423123963158,-1.831074079701179,0.06708948676179283,-0.019367923451662786,-1.8743875970525712,60.0,291.0,PASS,FAIL,R02.1_rolling_windows,
Rolling 1996-01–2000-12,-0.0077673050535467325,-1.8349678518541057,0.06651045294603564,-0.021713777010820622,-2.0210313330597534,60.0,302.0,PASS,FAIL,R02.1_rolling_windows,
Rolling 1996-07–2001-06,-0.007188199825428181,-1.6426672722898248,0.10045179370750978,-0.01889786598387807,-1.7063249315108384,60.0,305.0,PASS,FAIL,R02.1_rolling_windows,
Rolling 1997-01–2001-12,-0.007415844880955417,-1.68475472906541,0.09203590253735183,-0.01933604621242282,-1.728273081550682,60.0,307.0,PASS,FAIL,R02.1_rolling_windows,
Rolling 1997-07–2002-06,-0.005630382187193718,-1.1759762559332907,0.23960436443210043,-0.013907603081847249,-1.1481139061761632,60.0,313.0,PASS,FAIL,R02.1_rolling_windows,
Rolling 1998-01–2002-12,-0.006527655472296156,-1.3790347362703979,0.16788404421227598,-0.01648186242752526,-1.379814557547025,60.0,318.0,PASS,FAIL,R02.1_rolling_windows,
Rolling 1998-07–2003-06,-0.007968347851409917,-1.6819997703409977,0.09256888444769262,-0.019870414793893974,-1.6468295771178438,60.0,325.0,PASS,FAIL,R02.1_rolling_windows,
Rolling 1999-01–2003-12,-0.007153970094196083,-1.521225971056404,0.12820314021103352,-0.017586935520923528,-1.4870382862729565,60.0,329.0,PASS,FAIL,R02.1_rolling_windows,
Rolling 1999-07–2004-06,-0.005663677402314997,-1.2275180403459938,0.21962794552093334,-0.014190347964741393,-1.2179193148224443,60.0,334.0,PASS,FAIL,R02.1_rolling_windows,
Rolling 2000-01–2004-12,-0.0033439940525001243,-0.9944759069961625,0.31999122928090973,-0.008721960004704217,-0.9810187679593544,60.0,339.0,PASS,FAIL,R02.1_rolling_windows,
Rolling 2000-07–2005-06,-0.0026650707068448143,-0.9329613697763123,0.35083991412249826,-0.006808401363289086,-0.8980416811929386,60.0,344.0,PASS,FAIL,R02.1_rolling_windows,
Rolling 2001-01–2005-12,-0.003799768583809791,-1.4301813591550143,0.15266497409476765,-0.009902087080512125,-1.448646611934682,60.0,347.0,PASS,FAIL,R02.1_rolling_windows,
Rolling 2001-07–2006-06,-0.003680605940190931,-1.4007936876785072,0.16127577680143634,-0.009429424257418382,-1.3748175384015304,60.0,353.0,PASS,FAIL,R02.1_rolling_windows,
Rolling 2002-01–2006-12,-0.0038769129025803518,-1.5316654712846782,0.12560500716581968,-0.008972298782402405,-1.3413123297008378,60.0,359.0,PASS,FAIL,R02.1_rolling_windows,
Rolling 2002-07–2007-06,-0.006319306006222461,-3.2958288932598325,0.0009813176351145536,-0.015268991324847055,-2.853138093400372,60.0,360.0,PASS,PASS,R02.1_rolling_windows,
Rolling 2003-01–2007-12,-0.005137907909973165,-2.691661781998016,0.007109700590376633,-0.012173042864837348,-2.275313279621339,60.0,364.0,PASS,PASS,R02.1_rolling_windows,
Rolling 2003-07–2008-06,-0.0038113329824956423,-2.864405697029843,0.00417792535323902,-0.008339516176683067,-2.311984695126532,60.0,364.0,PASS,PASS,R02.1_rolling_windows,
Rolling 2004-01–2008-12,-0.002223564129895502,-1.2616791308882582,0.2070642692688418,-0.0025501100908992256,-0.47814931630328084,60.0,367.0,PASS,FAIL,R02.1_rolling_windows,
Rolling 2004-07–2009-06,-0.005339923305540399,-2.058770506098632,0.039516228334786296,-0.011130718059964276,-1.42962736512215,60.0,370.0,PASS,MARGINAL,R02.1_rolling_windows,
Rolling 2005-01–2009-12,-0.005951666594339233,-2.0479359273523072,0.04056627795186518,-0.012805200405770264,-1.5029304884670442,60.0,378.0,PASS,MARGINAL,R02.1_rolling_windows,
Rolling 2005-07–2010-06,-0.0056880613594191085,-1.958035706103381,0.05022582305996237,-0.012428590695541518,-1.4466311705740096,60.0,381.0,PASS,MARGINAL,R02.1_rolling_windows,
Rolling 2006-01–2010-12,-0.005567400618800158,-1.8960799832302235,0.05794946900694886,-0.013355885604119646,-1.5288688372376857,60.0,387.0,PASS,MARGINAL,R02.1_rolling_windows,
Rolling 2006-07–2011-06,-0.005480735071713521,-1.8541841606572587,0.0637128173662409,-0.013659463043365213,-1.59272503773217,60.0,391.0,PASS,FAIL,R02.1_rolling_windows,
Rolling 2007-01–2011-12,-0.004873176212767459,-1.4981435208245497,0.1340959658977714,-0.012530128389698855,-1.326503637805078,60.0,393.0,PASS,FAIL,R02.1_rolling_windows,
Rolling 2007-07–2012-06,-0.003661107611616464,-1.1119526190377609,0.2661585227887442,-0.009231705714229382,-0.9634116191886481,60.0,400.0,PASS,FAIL,R02.1_rolling_windows,
Rolling 2008-01–2012-12,-0.004848933435257451,-1.495606374338773,0.13475626107512606,-0.012684843447186839,-1.3462252620438282,60.0,403.0,PASS,FAIL,R02.1_rolling_windows,
Rolling 2008-07–2013-06,-0.0049494234956583725,-1.5750592168073534,0.11524277658525661,-0.01291502796839164,-1.4171960529529577,60.0,407.0,PASS,FAIL,R02.1_rolling_windows,
Rolling 2009-01–2013-12,-0.00657827533592506,-2.2173347992220473,0.026600221576002836,-0.0189235051373605,-2.298716134734622,60.0,407.0,PASS,MARGINAL,R02.1_rolling_windows,
Rolling 2009-07–2014-06,-0.004029437602885729,-2.1713582012373935,0.029904105946188198,-0.01179796660465652,-2.1803649164559697,60.0,407.0,PASS,MARGINAL,R02.1_rolling_windows,
Rolling 2010-01–2014-12,-0.002635187426418047,-1.530840492444591,0.1258088192831277,-0.008350767919453364,-1.6090845271922174,60.0,411.0,PASS,FAIL,R02.1_rolling_windows,
Rolling 2010-07–2015-06,-0.0026040613968868202,-1.5509176738639503,0.12092141436105575,-0.00816470957281515,-1.607165236132478,60.0,416.0,PASS,FAIL,R02.1_rolling_windows,
Rolling 2011-01–2015-12,-0.00076756886288015,-0.39081125458450583,0.6959367553251452,-0.002262272194585559,-0.3951076670313599,60.0,420.0,PASS,FAIL,R02.1_rolling_windows,
Rolling 2011-07–2016-06,-0.0018391936012268268,-1.1111732908540144,0.26649376550565496,-0.004648197557056592,-0.9285714026998583,60.0,424.0,PASS,FAIL,R02.1_rolling_windows,
Rolling 2012-01–2016-12,-0.0025931441794311313,-1.6466810122167759,0.0996236290382928,-0.006583700729854846,-1.4243153448808235,60.0,426.0,PASS,FAIL,R02.1_rolling_windows,
Rolling 2012-07–2017-06,-0.003130409774811308,-2.0431295830824747,0.04103961212351126,-0.007847015052246586,-1.7707682275923318,60.0,432.0,PASS,MARGINAL,R02.1_rolling_windows,
Rolling 2013-01–2017-12,-0.0027209937326014124,-1.8546133493802186,0.06365146044192205,-0.006518178699293707,-1.5418386157546158,60.0,434.0,PASS,FAIL,R02.1_rolling_windows,
Rolling 2013-07–2018-06,-0.0028711408714317374,-1.9041802300866146,0.05688671558262337,-0.0066215337011066334,-1.5851092895698078,60.0,441.0,PASS,MARGINAL,R02.1_rolling_windows,
Rolling 2014-01–2018-12,-0.0023285232289498264,-1.5310724803724323,0.12575148033568428,-0.003782788130299137,-0.9164896294180584,60.0,443.0,PASS,FAIL,R02.1_rolling_windows,
Rolling 2014-07–2019-06,-0.0023015800701618313,-1.5122049795862935,0.13048172464381524,-0.0033395677856917,-0.7983062998750112,60.0,445.0,PASS,FAIL,R02.1_rolling_windows,
Rolling 2015-01–2019-12,-0.0029001491090224004,-1.7987028563368535,0.072065696861771,-0.004506505320985675,-0.9953701530063117,60.0,449.0,PASS,FAIL,R02.1_rolling_windows,
Rolling 2015-07–2020-06,-0.0038267854467881946,-2.0712839842113224,0.038332265086194806,-0.006195818485917383,-1.2716239086951084,60.0,452.0,PASS,MARGINAL,R02.1_rolling_windows,
Rolling 2016-01–2020-12,-0.0067318493259494365,-3.4852094293663285,0.0004917519915710322,-0.0143700158110355,-2.619547085772515,60.0,455.0,PASS,PASS,R02.1_rolling_windows,
Rolling 2016-07–2021-06,-0.006273306851897992,-2.9907832764590245,0.002782629037453077,-0.01415934860633356,-2.330825552487146,60.0,455.0,PASS,PASS,R02.1_rolling_windows,
Rolling 2017-01–2021-12,-0.005929434275315722,-2.8183256803336953,0.004827481626477503,-0.012258932275345868,-1.9789616476363276,60.0,459.0,PASS,PASS,R02.1_rolling_windows,
Rolling 2017-07–2022-06,-0.0058823918920584955,-2.701308872188053,0.006906716415599368,-0.011644213400900228,-1.764669711383957,60.0,461.0,PASS,PASS,R02.1_rolling_windows,
Rolling 2018-01–2022-12,-0.0060612989860494996,-2.758459487535659,0.00580745031441654,-0.012860042857244732,-1.8781852030208108,60.0,461.0,PASS,PASS,R02.1_rolling_windows,
Rolling 2018-07–2023-06,-0.006262987711828916,-2.8404762219488378,0.0045046231049172825,-0.014395791702212994,-2.0864952824115846,60.0,462.0,PASS,PASS,R02.1_rolling_windows,
1995-1999,-0.006652035062060358,-2.0997588164345853,0.035750062740190325,-0.020041774938542565,-2.4603465650722467,60.0,287.0,PASS,MARGINAL,R02.2_fixed_subperiods,
2000-2004,-0.0033439940525001243,-0.9944759069961625,0.31999122928090973,-0.008721960004704217,-0.9810187679593544,60.0,339.0,PASS,FAIL,R02.2_fixed_subperiods,
2005-2009,-0.005951666594339233,-2.0479359273523072,0.04056627795186518,-0.012805200405770264,-1.5029304884670442,60.0,378.0,PASS,MARGINAL,R02.2_fixed_subperiods,
2010-2014,-0.002635187426418047,-1.530840492444591,0.1258088192831277,-0.008350767919453364,-1.6090845271922174,60.0,411.0,PASS,FAIL,R02.2_fixed_subperiods,
2015-2019,-0.0029001491090224004,-1.7987028563368535,0.072065696861771,-0.004506505320985675,-0.9953701530063117,60.0,449.0,PASS,FAIL,R02.2_fixed_subperiods,
2020-2023,-0.0069666977979209906,-2.80465794977005,0.005037000154602289,-0.01843807454985854,-2.4304525630743976,47.0,462.0,PASS,PASS,R02.2_fixed_subperiods,
Baseline (no exclusion),-0.004658261473091343,-3.9805727303986296,6.874942557932862e-05,-0.011908247893979007,-3.7019281397468853,347.0,462.0,PASS,PASS,R02.3_crisis_exclusion,
Exclude dot-com,-0.005435334614425752,-4.345893261353872,1.3871001309784248e-05,-0.01398653785470728,-4.066414886104234,316.0,462.0,PASS,PASS,R02.3_crisis_exclusion,
Exclude GFC,-0.004518265268760528,-4.014345137454553,5.96110666370997e-05,-0.011721697905144182,-3.833479488598654,329.0,462.0,PASS,PASS,R02.3_crisis_exclusion,
Exclude COVID,-0.004523171594202643,-3.815104706416895,0.00013612520151551344,-0.011603857152299361,-3.5622089588859085,340.0,462.0,PASS,PASS,R02.3_crisis_exclusion,
Exclude all crises,-0.00518597900784968,-4.236746125317164,2.2678230660044818e-05,-0.013598529093609228,-4.098460813208294,291.0,462.0,PASS,PASS,R02.3_crisis_exclusion,
Baseline (all months),-0.004658261473091343,-3.9805727303986296,6.874942557932862e-05,-0.011908247893979007,-3.7019281397468853,347.0,462.0,PASS,PASS,R02.4_january,
Exclude January,-0.0044028796286036025,-3.9437060556459023,8.023199131934611e-05,-0.01106623207837578,-3.5119911675352493,318.0,462.0,PASS,PASS,R02.4_january,
Full sample,-0.004658261473091343,-3.9805727303986296,6.874942557932862e-05,-0.011908247893979007,-3.7019281397468853,347.0,462.0,PASS,PASS,R02.5_market_cap,
Large cap proxy (low vol),-0.005556740321137591,-4.028754418351698,5.607315584321704e-05,-0.01757186400963629,-4.123089429432701,347.0,134.0,PASS,PASS,R02.5_market_cap,
Mid cap proxy,-0.0037561243181541333,-3.5880421960480047,0.0003331703786715323,-0.004561802433202105,-3.1185088567321513,347.0,135.0,PASS,PASS,R02.5_market_cap,
Small cap proxy (high vol),-0.004808419199003103,-3.4807550712499857,0.0005000024883949905,-0.004653426185218115,-3.2924983099823573,347.0,117.0,PASS,PASS,R02.5_market_cap,
No sector FE (baseline),-0.004658261473091343,-3.9805727303986296,6.874942557932862e-05,-0.011908247893979007,-3.7019281397468853,347.0,462.0,PASS,PASS,R02.6_sector,
Sector FE (not available — no sector mapping file),,,,,,,,,,R02.6_sector,Need stock_sectors.parquet
