spec,mean_m,ann_ret,ann_std,sharpe,max_dd,win_rate,nw_t,nw_p,category,date,ls_cumret,mkt_cumret,ls_monthly_ret,ls_t,n_months,avg_market_ret,mean_ratio,std_ratio,balanced,fm_coef_DG,effect_per_1SD_monthly,effect_per_1SD_annual,implied_ls_monthly,implied_ls_annual,ic_mean,ic_t,ic_p,icir_annualized,pass
L/S (Q5-Q1),-0.011908247893979007,-0.13390149389924522,0.2135884632947641,-0.7716394186886354,-0.9919136881255232,0.4034582132564842,-3.7019281397468853,0.00021396722574396065,R09.1_sharpe_calmar,,,,,,,,,,,,,,,,,,,,
Q1 (pure long),,0.30116539722547087,0.255096062667842,0.9572022608167675,-0.5259473871142144,,,,R09.1_sharpe_calmar,,,,,,,,,,,,,,,,,,,,
Q2 (pure long),,0.20085884981471813,0.18758581405572114,0.8659998931557061,-0.4728692942958933,,,,R09.1_sharpe_calmar,,,,,,,,,,,,,,,,,,,,
Q3 (pure long),,0.17584458906372524,0.16631513663941,0.8483543339906442,-0.5028428386251851,,,,R09.1_sharpe_calmar,,,,,,,,,,,,,,,,,,,,
Q4 (pure long),,0.15191916303235953,0.14291573123821438,0.8415821097101522,-0.45124126964257294,,,,R09.1_sharpe_calmar,,,,,,,,,,,,,,,,,,,,
Q5 (pure long),,0.13047905485217925,0.11582609321407217,0.87441050952292,-0.3584331031316542,,,,R09.1_sharpe_calmar,,,,,,,,,,,,,,,,,,,,
,,,,,,,,,R09.2_cumulative,1995-01-31,0.9595996415243684,1.0222,,,,,,,,,,,,,,,,,
,,,,,,,,,R09.2_cumulative,1995-02-28,0.9112753514270976,1.06339466,,,,,,,,,,,,,,,,,
,,,,,,,,,R09.2_cumulative,1995-03-31,0.9015197858122271,1.09157461849,,,,,,,,,,,,,,,,,
,,,,,,,,,R09.2_cumulative,1995-04-30,0.9045975608394607,1.119409771261495,,,,,,,,,,,,,,,,,
,,,,,,,,,R09.2_cumulative,1995-05-31,0.8424658057902767,1.1579174673928905,,,,,,,,,,,,,,,,,
,,,,,,,,,R09.2_cumulative,1995-06-30,0.7730082235078746,1.1948550346027238,,,,,,,,,,,,,,,,,
,,,,,,,,,R09.2_cumulative,1995-07-31,0.7493337430992173,1.2445610040421973,,,,,,,,,,,,,,,,,
,,,,,,,,,R09.2_cumulative,1995-08-31,0.7969757414380098,1.2572555262834277,,,,,,,,,,,,,,,,,
,,,,,,,,,R09.2_cumulative,1995-09-30,0.8245089201596049,1.3049055107295697,,,,,,,,,,,,,,,,,
,,,,,,,,,R09.2_cumulative,1995-10-31,0.8160449146383495,1.2913344934179822,,,,,,,,,,,,,,,,,
,,,,,,,,,R09.2_cumulative,1995-11-30,0.8809567426128335,1.34789494422969,,,,,,,,,,,,,,,,,
,,,,,,,,,R09.2_cumulative,1995-12-31,0.9335561683973255,1.3685177368764043,,,,,,,,,,,,,,,,,
,,,,,,,,,R09.2_cumulative,1996-01-31,0.8835515930558216,1.4053308639983795,,,,,,,,,,,,,,,,,
,,,,,,,,,R09.2_cumulative,1996-02-29,0.8706476600633096,1.4295025548591518,,,,,,,,,,,,,,,,,
,,,,,,,,,R09.2_cumulative,1996-03-31,0.7453554685766012,1.4456559337290604,,,,,,,,,,,,,,,,,
,,,,,,,,,R09.2_cumulative,1996-04-30,0.7309262677400343,1.4819418976656598,,,,,,,,,,,,,,,,,
,,,,,,,,,R09.2_cumulative,1996-05-31,0.797910544715915,1.5231398824207651,,,,,,,,,,,,,,,,,
,,,,,,,,,R09.2_cumulative,1996-06-30,0.8284183189412452,1.5120209612790936,,,,,,,,,,,,,,,,,
,,,,,,,,,R09.2_cumulative,1996-07-31,0.8083892387053877,1.4287086063126155,,,,,,,,,,,,,,,,,
,,,,,,,,,R09.2_cumulative,1996-08-31,0.7851916916832378,1.4741415399933568,,,,,,,,,,,,,,,,,
,,,,,,,,,R09.2_cumulative,1996-09-30,0.8183933620948395,1.5544822539229948,,,,,,,,,,,,,,,,,
,,,,,,,,,R09.2_cumulative,1996-10-31,0.7831337086111974,1.5745350749986013,,,,,,,,,,,,,,,,,
,,,,,,,,,R09.2_cumulative,1996-11-30,0.7896712663503099,1.6793991109935082,,,,,,,,,,,,,,,,,
,,,,,,,,,R09.2_cumulative,1996-12-31,0.7508500426329979,1.6585745620171888,,,,,,,,,,,,,,,,,
,,,,,,,,,R09.2_cumulative,1997-01-31,0.7765374739164335,1.7484693032785203,,,,,,,,,,,,,,,,,
,,,,,,,,,R09.2_cumulative,1997-02-28,0.7744975503842232,1.7468956809055696,,,,,,,,,,,,,,,,,
,,,,,,,,,R09.2_cumulative,1997-03-31,0.7981953508332773,1.6667131691520038,,,,,,,,,,,,,,,,,
,,,,,,,,,R09.2_cumulative,1997-04-30,0.7292546248452442,1.7412152478130984,,,,,,,,,,,,,,,,,
,,,,,,,,,R09.2_cumulative,1997-05-31,0.7387838000479316,1.8669309887052041,,,,,,,,,,,,,,,,,
,,,,,,,,,R09.2_cumulative,1997-06-30,0.689351623390174,1.9503828039003266,,,,,,,,,,,,,,,,,
,,,,,,,,,R09.2_cumulative,1997-07-31,0.6291961180490918,2.1013424329222117,,,,,,,,,,,,,,,,,
,,,,,,,,,R09.2_cumulative,1997-08-31,0.6065632591204925,2.0240130313906746,,,,,,,,,,,,,,,,,
,,,,,,,,,R09.2_cumulative,1997-09-30,0.6466628418209653,2.1410009846050557,,,,,,,,,,,,,,,,,
,,,,,,,,,R09.2_cumulative,1997-10-31,0.678527244229763,2.0684210512269443,,,,,,,,,,,,,,,,,
,,,,,,,,,R09.2_cumulative,1997-11-30,0.7245473960546189,2.138333682758415,,,,,,,,,,,,,,,,,
,,,,,,,,,R09.2_cumulative,1997-12-31,0.6825503050734164,2.1776790225211697,,,,,,,,,,,,,,,,,
,,,,,,,,,R09.2_cumulative,1998-01-31,0.6267686576429103,2.1900917929495405,,,,,,,,,,,,,,,,,
,,,,,,,,,R09.2_cumulative,1998-02-28,0.6510062221590845,2.352815613165691,,,,,,,,,,,,,,,,,
,,,,,,,,,R09.2_cumulative,1998-03-31,0.6024340518039396,2.4739856172437245,,,,,,,,,,,,,,,,,
,,,,,,,,,R09.2_cumulative,1998-04-30,0.6320833493989085,2.502931248965476,,,,,,,,,,,,,,,,,
,,,,,,,,,R09.2_cumulative,1998-05-31,0.6354295351359343,2.436603570867891,,,,,,,,,,,,,,,,,
,,,,,,,,,R09.2_cumulative,1998-06-30,0.639090538076852,2.524808620133309,,,,,,,,,,,,,,,,,
,,,,,,,,,R09.2_cumulative,1998-07-31,0.7527599880403718,2.473807486006616,,,,,,,,,,,,,,,,,
,,,,,,,,,R09.2_cumulative,1998-08-31,0.6870317716573979,2.087398756692383,,,,,,,,,,,,,,,,,
,,,,,,,,,R09.2_cumulative,1998-09-30,0.6041895096072519,2.226210774012426,,,,,,,,,,,,,,,,,
,,,,,,,,,R09.2_cumulative,1998-10-31,0.5646576876501854,2.3887241605153333,,,,,,,,,,,,,,,,,
,,,,,,,,,R09.2_cumulative,1998-11-30,0.5136581925457132,2.541124761956212,,,,,,,,,,,,,,,,,
,,,,,,,,,R09.2_cumulative,1998-12-31,0.46271119140170225,2.7070602089119524,,,,,,,,,,,,,,,,,
,,,,,,,,,R09.2_cumulative,1999-01-31,0.4862329755525971,2.8104699088923892,,,,,,,,,,,,,,,,,
,,,,,,,,,R09.2_cumulative,1999-02-28,0.4692255735998647,2.705639381290703,,,,,,,,,,,,,,,,,
,,,,,,,,,R09.2_cumulative,1999-03-31,0.48340514748970737,2.8114298810991696,,,,,,,,,,,,,,,,,
,,,,,,,,,R09.2_cumulative,1999-04-30,0.4843086022132778,2.9438482284989402,,,,,,,,,,,,,,,,,
,,,,,,,,,R09.2_cumulative,1999-05-31,0.41774158462644867,2.8814386460547627,,,,,,,,,,,,,,,,,
,,,,,,,,,R09.2_cumulative,1999-06-30,0.3994076303482688,3.0304090240557944,,,,,,,,,,,,,,,,,
,,,,,,,,,R09.2_cumulative,1999-07-31,0.39137057321488294,2.936163303407659,,,,,,,,,,,,,,,,,
,,,,,,,,,R09.2_cumulative,1999-08-31,0.3904725688314802,2.907388903034264,,,,,,,,,,,,,,,,,
,,,,,,,,,R09.2_cumulative,1999-09-30,0.37656829476814296,2.8381930471420485,,,,,,,,,,,,,,,,,
,,,,,,,,,R09.2_cumulative,1999-10-31,0.3232786990565918,3.022107956596853,,,,,,,,,,,,,,,,,
,,,,,,,,,R09.2_cumulative,1999-11-30,0.26044553442633966,3.1360414265605545,,,,,,,,,,,,,,,,,
,,,,,,,,,R09.2_cumulative,1999-12-31,0.258338035110389,3.3900607821119593,,,,,,,,,,,,,,,,,
,,,,,,,,,R09.2_cumulative,2000-01-31,0.16811828312828508,3.2432711502465112,,,,,,,,,,,,,,,,,
,,,,,,,,,R09.2_cumulative,2000-02-29,0.17171369528783845,3.3366773593736108,,,,,,,,,,,,,,,,,
,,,,,,,,,R09.2_cumulative,2000-03-31,0.18584852531718213,3.526200633386032,,,,,,,,,,,,,,,,,
,,,,,,,,,R09.2_cumulative,2000-04-30,0.19829737371242354,3.3185074160795947,,,,,,,,,,,,,,,,,
,,,,,,,,,R09.2_cumulative,2000-05-31,0.1829335919378438,3.189417477594098,,,,,,,,,,,,,,,,,
,,,,,,,,,R09.2_cumulative,2000-06-30,0.19158161122951134,3.3514398854558785,,,,,,,,,,,,,,,,,
,,,,,,,,,R09.2_cumulative,2000-07-31,0.1706536876020416,3.284411087746761,,,,,,,,,,,,,,,,,
,,,,,,,,,R09.2_cumulative,2000-08-31,0.1929360471441514,3.531727242654092,,,,,,,,,,,,,,,,,
,,,,,,,,,R09.2_cumulative,2000-09-30,0.20399276751581785,3.3576130895912453,,,,,,,,,,,,,,,,,
,,,,,,,,,R09.2_cumulative,2000-10-31,0.2327828849615981,3.28307407900232,,,,,,,,,,,,,,,,,
,,,,,,,,,R09.2_cumulative,2000-11-30,0.22927757745706967,2.9485288303519837,,,,,,,,,,,,,,,,,
,,,,,,,,,R09.2_cumulative,2000-12-31,0.1951196232578944,2.9980641147018967,,,,,,,,,,,,,,,,,
,,,,,,,,,R09.2_cumulative,2001-01-31,0.22139061114827197,3.1116907446490987,,,,,,,,,,,,,,,,,
,,,,,,,,,R09.2_cumulative,2001-02-28,0.23008547034313745,2.8114125877904605,,,,,,,,,,,,,,,,,
,,,,,,,,,R09.2_cumulative,2001-03-31,0.20396587480937975,2.619393108044372,,,,,,,,,,,,,,,,,
,,,,,,,,,R09.2_cumulative,2001-04-30,0.20637509315135058,2.8375885539444683,,,,,,,,,,,,,,,,,
,,,,,,,,,R09.2_cumulative,2001-05-31,0.20111140839569744,2.865964439483913,,,,,,,,,,,,,,,,,
,,,,,,,,,R09.2_cumulative,2001-06-30,0.2052742039758437,2.8183894297884806,,,,,,,,,,,,,,,,,
,,,,,,,,,R09.2_cumulative,2001-07-31,0.20527345671375957,2.7668129032233515,,,,,,,,,,,,,,,,,
,,,,,,,,,R09.2_cumulative,2001-08-31,0.23380996170593307,2.5983139974170495,,,,,,,,,,,,,,,,,
,,,,,,,,,R09.2_cumulative,2001-09-30,0.20008514444116812,2.3655050632484818,,,,,,,,,,,,,,,,,
,,,,,,,,,R09.2_cumulative,2001-10-31,0.1799963065086886,2.4293736999561903,,,,,,,,,,,,,,,,,
,,,,,,,,,R09.2_cumulative,2001-11-30,0.1792033204094142,2.6164354748528167,,,,,,,,,,,,,,,,,
,,,,,,,,,R09.2_cumulative,2001-12-31,0.177278158166467,2.6624847392102264,,,,,,,,,,,,,,,,,
,,,,,,,,,R09.2_cumulative,2002-01-31,0.19132808213713437,2.6278724376004936,,,,,,,,,,,,,,,,,
,,,,,,,,,R09.2_cumulative,2002-02-28,0.17875672977824103,2.571373180192083,,,,,,,,,,,,,,,,,
,,,,,,,,,R09.2_cumulative,2002-03-31,0.19198355396719333,2.683742188166477,,,,,,,,,,,,,,,,,
,,,,,,,,,R09.2_cumulative,2002-04-30,0.19930675797285755,2.5479448334452535,,,,,,,,,,,,,,,,,
,,,,,,,,,R09.2_cumulative,2002-05-31,0.21216891992970277,2.5168599064772215,,,,,,,,,,,,,,,,,
,,,,,,,,,R09.2_cumulative,2002-06-30,0.22435882392672288,2.338162853117339,,,,,,,,,,,,,,,,,
,,,,,,,,,R09.2_cumulative,2002-07-31,0.22421704190672584,2.150174559726705,,,,,,,,,,,,,,,,,
,,,,,,,,,R09.2_cumulative,2002-08-31,0.22656274825605432,2.1639356769089555,,,,,,,,,,,,,,,,,
,,,,,,,,,R09.2_cumulative,2002-09-30,0.2058611935447371,1.943214237864242,,,,,,,,,,,,,,,,,
,,,,,,,,,R09.2_cumulative,2002-10-31,0.17354588671598273,2.098282734045809,,,,,,,,,,,,,,,,,
,,,,,,,,,R09.2_cumulative,2002-11-30,0.19321593042884647,2.225858324275794,,,,,,,,,,,,,,,,,
,,,,,,,,,R09.2_cumulative,2002-12-31,0.18794714357376302,2.1000973289542118,,,,,,,,,,,,,,,,,
,,,,,,,,,R09.2_cumulative,2003-01-31,0.18829419905376635,2.048224924929043,,,,,,,,,,,,,,,,,
,,,,,,,,,R09.2_cumulative,2003-02-28,0.19181097179580675,2.011561698772813,,,,,,,,,,,,,,,,,
,,,,,,,,,R09.2_cumulative,2003-03-31,0.1761723865873674,2.0354992829882095,,,,,,,,,,,,,,,,,
,,,,,,,,,R09.2_cumulative,2003-04-30,0.1523596735861554,2.204038623619633,,,,,,,,,,,,,,,,,
,,,,,,,,,R09.2_cumulative,2003-05-31,0.15168365715452706,2.3393665951098783,,,,,,,,,,,,,,,,,
,,,,,,,,,R09.2_cumulative,2003-06-30,0.14256811275153505,2.3749249673555486,,,,,,,,,,,,,,,,,
,,,,,,,,,R09.2_cumulative,2003-07-31,0.12999164760062976,2.4319231665720817,,,,,,,,,,,,,,,,,
,,,,,,,,,R09.2_cumulative,2003-08-31,0.13463670938140632,2.490289322569812,,,,,,,,,,,,,,,,,
,,,,,,,,,R09.2_cumulative,2003-09-30,0.12305190222885959,2.461401966428002,,,,,,,,,,,,,,,,,
,,,,,,,,,R09.2_cumulative,2003-10-31,0.12406952758072401,2.6127781873633245,,,,,,,,,,,,,,,,,
,,,,,,,,,R09.2_cumulative,2003-11-30,0.12574518295686093,2.649879637623884,,,,,,,,,,,,,,,,,
,,,,,,,,,R09.2_cumulative,2003-12-31,0.12182064649785784,2.7656793777880475,,,,,,,,,,,,,,,,,
,,,,,,,,,R09.2_cumulative,2004-01-31,0.12394365028352862,2.827077459974942,,,,,,,,,,,,,,,,,
,,,,,,,,,R09.2_cumulative,2004-02-29,0.1246128756900131,2.8683527908905764,,,,,,,,,,,,,,,,,
,,,,,,,,,R09.2_cumulative,2004-03-31,0.1274659792157672,2.833072051562622,,,,,,,,,,,,,,,,,
,,,,,,,,,R09.2_cumulative,2004-04-30,0.12419734268954417,2.7837765978654327,,,,,,,,,,,,,,,,,
,,,,,,,,,R09.2_cumulative,2004-05-31,0.12165592256262206,2.8182954276789642,,,,,,,,,,,,,,,,,
,,,,,,,,,R09.2_cumulative,2004-06-30,0.13026767998841055,2.8729703589759366,,,,,,,,,,,,,,,,,
,,,,,,,,,R09.2_cumulative,2004-07-31,0.1362611872045624,2.7597753268322847,,,,,,,,,,,,,,,,,
,,,,,,,,,R09.2_cumulative,2004-08-31,0.1283196556744631,2.765018899953266,,,,,,,,,,,,,,,,,
,,,,,,,,,R09.2_cumulative,2004-09-30,0.12530583137032514,2.812300723142467,,,,,,,,,,,,,,,,,
,,,,,,,,,R09.2_cumulative,2004-10-31,0.11948833492822905,2.855328924206547,,,,,,,,,,,,,,,,,
,,,,,,,,,R09.2_cumulative,2004-11-30,0.11876564087280143,2.9889583178594132,,,,,,,,,,,,,,,,,
,,,,,,,,,R09.2_cumulative,2004-12-31,0.12046916739814596,3.0956641298069947,,,,,,,,,,,,,,,,,
,,,,,,,,,R09.2_cumulative,2005-01-31,0.11827765008686986,3.0154864288449934,,,,,,,,,,,,,,,,,
,,,,,,,,,R09.2_cumulative,2005-02-28,0.11898361822892932,3.077002351993431,,,,,,,,,,,,,,,,,
,,,,,,,,,R09.2_cumulative,2005-03-31,0.12608013139589241,3.0240779115391443,,,,,,,,,,,,,,,,,
,,,,,,,,,R09.2_cumulative,2005-04-30,0.11488658310161376,2.951802449453359,,,,,,,,,,,,,,,,,
,,,,,,,,,R09.2_cumulative,2005-05-31,0.11474563226897343,3.0666275647370944,,,,,,,,,,,,,,,,,
,,,,,,,,,R09.2_cumulative,2005-06-30,0.10885368929758445,3.091467248011465,,,,,,,,,,,,,,,,,
,,,,,,,,,R09.2_cumulative,2005-07-31,0.10775011378325217,3.220072285528742,,,,,,,,,,,,,,,,,
,,,,,,,,,R09.2_cumulative,2005-08-31,0.10657076278011203,3.1910916349589833,,,,,,,,,,,,,,,,,
,,,,,,,,,R09.2_cumulative,2005-09-30,0.10741575885975123,3.2156630405481677,,,,,,,,,,,,,,,,,
,,,,,,,,,R09.2_cumulative,2005-10-31,0.10244093732141853,3.158745804730465,,,,,,,,,,,,,,,,,
,,,,,,,,,R09.2_cumulative,2005-11-30,0.1012964202497259,3.282568640275899,,,,,,,,,,,,,,,,,
,,,,,,,,,R09.2_cumulative,2005-12-31,0.09529502290092805,3.2851946951881192,,,,,,,,,,,,,,,,,
,,,,,,,,,R09.2_cumulative,2006-01-31,0.09588910072045077,3.3962342758854778,,,,,,,,,,,,,,,,,
,,,,,,,,,R09.2_cumulative,2006-02-28,0.09345831897059749,3.397592769595832,,,,,,,,,,,,,,,,,
,,,,,,,,,R09.2_cumulative,2006-03-31,0.09138552428285093,3.460108476556395,,,,,,,,,,,,,,,,,
,,,,,,,,,R09.2_cumulative,2006-04-30,0.09545334055439712,3.4978236589508596,,,,,,,,,,,,,,,,,
,,,,,,,,,R09.2_cumulative,2006-05-31,0.09642282277740297,3.3883417784256977,,,,,,,,,,,,,,,,,
,,,,,,,,,R09.2_cumulative,2006-06-30,0.10436647187864921,3.390374783492753,,,,,,,,,,,,,,,,,
,,,,,,,,,R09.2_cumulative,2006-07-31,0.10218097622439952,3.3778303967938297,,,,,,,,,,,,,,,,,
,,,,,,,,,R09.2_cumulative,2006-08-31,0.09897678721726932,3.4605872415152783,,,,,,,,,,,,,,,,,
,,,,,,,,,R09.2_cumulative,2006-09-30,0.09689096675076354,3.538450454449372,,,,,,,,,,,,,,,,,
,,,,,,,,,R09.2_cumulative,2006-10-31,0.09439102991169376,3.6668962059458843,,,,,,,,,,,,,,,,,
,,,,,,,,,R09.2_cumulative,2006-11-30,0.09533148027255374,3.7446344055119374,,,,,,,,,,,,,,,,,
,,,,,,,,,R09.2_cumulative,2006-12-31,0.09493693369119585,3.7914423355808364,,,,,,,,,,,,,,,,,
,,,,,,,,,R09.2_cumulative,2007-01-31,0.09349991688714399,3.8604465860884076,,,,,,,,,,,,,,,,,
,,,,,,,,,R09.2_cumulative,2007-02-28,0.09388030007377103,3.7994515300282106,,,,,,,,,,,,,,,,,
,,,,,,,,,R09.2_cumulative,2007-03-31,0.09046555992438221,3.8427652774705323,,,,,,,,,,,,,,,,,
,,,,,,,,,R09.2_cumulative,2007-04-30,0.0880668562582422,3.9937859528751236,,,,,,,,,,,,,,,,,
,,,,,,,,,R09.2_cumulative,2007-05-31,0.08508304848349782,4.1395591401550655,,,,,,,,,,,,,,,,,
,,,,,,,,,R09.2_cumulative,2007-06-30,0.08318661542374595,4.074982017568646,,,,,,,,,,,,,,,,,
,,,,,,,,,R09.2_cumulative,2007-07-31,0.08330508345089067,3.9396926145853675,,,,,,,,,,,,,,,,,
,,,,,,,,,R09.2_cumulative,2007-08-31,0.08211797323099453,3.9932724341437287,,,,,,,,,,,,,,,,,
,,,,,,,,,R09.2_cumulative,2007-09-30,0.0796826194835289,4.134634278312417,,,,,,,,,,,,,,,,,
,,,,,,,,,R09.2_cumulative,2007-10-31,0.08500835328056967,4.221875061584808,,,,,,,,,,,,,,,,,
,,,,,,,,,R09.2_cumulative,2007-11-30,0.08315543316558362,4.033579433838126,,,,,,,,,,,,,,,,,
,,,,,,,,,R09.2_cumulative,2007-12-31,0.08571281787247313,4.009377957235097,,,,,,,,,,,,,,,,,
,,,,,,,,,R09.2_cumulative,2008-01-31,0.0838093697734332,3.7644049640480324,,,,,,,,,,,,,,,,,
,,,,,,,,,R09.2_cumulative,2008-02-29,0.08738147347460712,3.652978577112211,,,,,,,,,,,,,,,,,
,,,,,,,,,R09.2_cumulative,2008-03-31,0.08160292032514364,3.6248506420684468,,,,,,,,,,,,,,,,,
,,,,,,,,,R09.2_cumulative,2008-04-30,0.07836968101525135,3.7984809878235257,,,,,,,,,,,,,,,,,
,,,,,,,,,R09.2_cumulative,2008-05-31,0.08045397375798903,3.876349848073908,,,,,,,,,,,,,,,,,
,,,,,,,,,R09.2_cumulative,2008-06-30,0.08271036496362492,3.556163350623003,,,,,,,,,,,,,,,,,
,,,,,,,,,R09.2_cumulative,2008-07-31,0.08180583387389456,3.534826370519265,,,,,,,,,,,,,,,,,
,,,,,,,,,R09.2_cumulative,2008-08-31,0.0895869556763721,3.5935044882698843,,,,,,,,,,,,,,,,,
,,,,,,,,,R09.2_cumulative,2008-09-30,0.09773623690024877,3.262902075349055,,,,,,,,,,,,,,,,,
,,,,,,,,,R09.2_cumulative,2008-10-31,0.10843566830356917,2.7042932400492967,,,,,,,,,,,,,,,,,
,,,,,,,,,R09.2_cumulative,2008-11-30,0.09981680216833232,2.495792231241496,,,,,,,,,,,,,,,,,
,,,,,,,,,R09.2_cumulative,2008-12-31,0.09924484872728712,2.5399677537344707,,,,,,,,,,,,,,,,,
,,,,,,,,,R09.2_cumulative,2009-01-31,0.09970006782197306,2.334484362457352,,,,,,,,,,,,,,,,,
,,,,,,,,,R09.2_cumulative,2009-02-28,0.08950057521692846,2.0980010965404223,,,,,,,,,,,,,,,,,
,,,,,,,,,R09.2_cumulative,2009-03-31,0.06733725160657313,2.2874505955580227,,,,,,,,,,,,,,,,,
,,,,,,,,,R09.2_cumulative,2009-04-30,0.06330427239842347,2.520313066185829,,,,,,,,,,,,,,,,,
,,,,,,,,,R09.2_cumulative,2009-05-31,0.06669987222290852,2.6513693456274923,,,,,,,,,,,,,,,,,
,,,,,,,,,R09.2_cumulative,2009-06-30,0.06050805482414812,2.6627702338136903,,,,,,,,,,,,,,,,,
,,,,,,,,,R09.2_cumulative,2009-07-31,0.053558450758547545,2.869134926934251,,,,,,,,,,,,,,,,,
,,,,,,,,,R09.2_cumulative,2009-08-31,0.05173205857881809,2.9649640334938554,,,,,,,,,,,,,,,,,
,,,,,,,,,R09.2_cumulative,2009-09-30,0.05518278729571987,3.086231062463754,,,,,,,,,,,,,,,,,
,,,,,,,,,R09.2_cumulative,2009-10-31,0.05282209891540606,3.0075321703709283,,,,,,,,,,,,,,,,,
,,,,,,,,,R09.2_cumulative,2009-11-30,0.05014974082297719,3.1753524654776264,,,,,,,,,,,,,,,,,
,,,,,,,,,R09.2_cumulative,2009-12-31,0.05021308029150754,3.2626746582782613,,,,,,,,,,,,,,,,,
,,,,,,,,,R09.2_cumulative,2010-01-31,0.048288468844106376,3.1533750572259396,,,,,,,,,,,,,,,,,
,,,,,,,,,R09.2_cumulative,2010-02-28,0.0450933359881663,3.260274471665899,,,,,,,,,,,,,,,,,
,,,,,,,,,R09.2_cumulative,2010-03-31,0.043045678869686105,3.465997790828017,,,,,,,,,,,,,,,,,
,,,,,,,,,R09.2_cumulative,2010-04-30,0.044318914946754266,3.53566434642366,,,,,,,,,,,,,,,,,
,,,,,,,,,R09.2_cumulative,2010-05-31,0.04786777971439091,3.2567004294908335,,,,,,,,,,,,,,,,,
,,,,,,,,,R09.2_cumulative,2010-06-30,0.04637967017156159,3.0756278856111434,,,,,,,,,,,,,,,,,
,,,,,,,,,R09.2_cumulative,2010-07-31,0.04781241413560923,3.2887688980839953,,,,,,,,,,,,,,,,,
,,,,,,,,,R09.2_cumulative,2010-08-31,0.04427718398794206,3.1322234985351973,,,,,,,,,,,,,,,,,
,,,,,,,,,R09.2_cumulative,2010-09-30,0.04283489345350858,3.4316640649951617,,,,,,,,,,,,,,,,,
,,,,,,,,,R09.2_cumulative,2010-10-31,0.04212952551349863,3.5648126307169736,,,,,,,,,,,,,,,,,
,,,,,,,,,R09.2_cumulative,2010-11-30,0.03951847548642139,3.5862015065012756,,,,,,,,,,,,,,,,,
,,,,,,,,,R09.2_cumulative,2010-12-31,0.038275293490707525,3.831139069395313,,,,,,,,,,,,,,,,,
,,,,,,,,,R09.2_cumulative,2011-01-31,0.03860593169622297,3.9073787368762796,,,,,,,,,,,,,,,,,
,,,,,,,,,R09.2_cumulative,2011-02-28,0.038841150977129,4.043746254793262,,,,,,,,,,,,,,,,,
,,,,,,,,,R09.2_cumulative,2011-03-31,0.0389621549961842,4.062751862190789,,,,,,,,,,,,,,,,,
,,,,,,,,,R09.2_cumulative,2011-04-30,0.03954182618247281,4.180571666194322,,,,,,,,,,,,,,,,,
,,,,,,,,,R09.2_cumulative,2011-05-31,0.040721889703668655,4.127478406033655,,,,,,,,,,,,,,,,,
,,,,,,,,,R09.2_cumulative,2011-06-30,0.041331727327151326,4.055660281768669,,,,,,,,,,,,,,,,,
,,,,,,,,,R09.2_cumulative,2011-07-31,0.0454755606769427,3.960352265147106,,,,,,,,,,,,,,,,,
,,,,,,,,,R09.2_cumulative,2011-08-31,0.049991862228255544,3.724711305370853,,,,,,,,,,,,,,,,,
,,,,,,,,,R09.2_cumulative,2011-09-30,0.044205474698479866,3.4427506595542794,,,,,,,,,,,,,,,,,
,,,,,,,,,R09.2_cumulative,2011-10-31,0.045033086792812385,3.8331585843477343,,,,,,,,,,,,,,,,,
,,,,,,,,,R09.2_cumulative,2011-11-30,0.046080143286524274,3.8228090561699952,,,,,,,,,,,,,,,,,
,,,,,,,,,R09.2_cumulative,2011-12-31,0.0391042532723746,3.8514801240912706,,,,,,,,,,,,,,,,,
,,,,,,,,,R09.2_cumulative,2012-01-31,0.0370387950826939,4.04597987035788,,,,,,,,,,,,,,,,,
,,,,,,,,,R09.2_cumulative,2012-02-29,0.036654551412439305,4.224002984653627,,,,,,,,,,,,,,,,,
,,,,,,,,,R09.2_cumulative,2012-03-31,0.037365289786372394,4.355369477476354,,,,,,,,,,,,,,,,,
,,,,,,,,,R09.2_cumulative,2012-04-30,0.04033776667485536,4.318784373865553,,,,,,,,,,,,,,,,,
,,,,,,,,,R09.2_cumulative,2012-05-31,0.04063930078639788,4.052747256435435,,,,,,,,,,,,,,,,,
,,,,,,,,,R09.2_cumulative,2012-06-30,0.04163717474657518,4.210804399436417,,,,,,,,,,,,,,,,,
,,,,,,,,,R09.2_cumulative,2012-07-31,0.03935160166804933,4.2440697541919645,,,,,,,,,,,,,,,,,
,,,,,,,,,R09.2_cumulative,2012-08-31,0.03898963791506371,4.35229353292386,,,,,,,,,,,,,,,,,
,,,,,,,,,R09.2_cumulative,2012-09-30,0.03864354739869766,4.471546375725974,,,,,,,,,,,,,,,,,
,,,,,,,,,R09.2_cumulative,2012-10-31,0.03774822264070227,4.393294314150769,,,,,,,,,,,,,,,,,
,,,,,,,,,R09.2_cumulative,2012-11-30,0.035970280852532295,4.42800133923256,,,,,,,,,,,,,,,,,
,,,,,,,,,R09.2_cumulative,2012-12-31,0.03486812324277923,4.4806945551694275,,,,,,,,,,,,,,,,,
,,,,,,,,,R09.2_cumulative,2013-01-31,0.03615925649529518,4.730269241892365,,,,,,,,,,,,,,,,,
,,,,,,,,,R09.2_cumulative,2013-02-28,0.03618028687967251,4.791289715112776,,,,,,,,,,,,,,,,,
,,,,,,,,,R09.2_cumulative,2013-03-31,0.03582014268594343,4.984378690631821,,,,,,,,,,,,,,,,,
,,,,,,,,,R09.2_cumulative,2013-04-30,0.03249462589261211,5.062134998205678,,,,,,,,,,,,,,,,,
,,,,,,,,,R09.2_cumulative,2013-05-31,0.03344268017369208,5.204380991655257,,,,,,,,,,,,,,,,,
,,,,,,,,,R09.2_cumulative,2013-06-30,0.0331584205070536,5.141928419755394,,,,,,,,,,,,,,,,,
,,,,,,,,,R09.2_cumulative,2013-07-31,0.03204346141317803,5.432447375471574,,,,,,,,,,,,,,,,,
,,,,,,,,,R09.2_cumulative,2013-08-31,0.030364494176075302,5.2852280515962935,,,,,,,,,,,,,,,,,
,,,,,,,,,R09.2_cumulative,2013-09-30,0.030446050994369256,5.484481149141474,,,,,,,,,,,,,,,,,
,,,,,,,,,R09.2_cumulative,2013-10-31,0.029370699646880664,5.7131840130606735,,,,,,,,,,,,,,,,,
,,,,,,,,,R09.2_cumulative,2013-11-30,0.028514627830573444,5.8914353542681654,,,,,,,,,,,,,,,,,
,,,,,,,,,R09.2_cumulative,2013-12-31,0.02813535261968075,6.056395544187674,,,,,,,,,,,,,,,,,
,,,,,,,,,R09.2_cumulative,2014-01-31,0.027362730475572954,5.85653449122948,,,,,,,,,,,,,,,,,
,,,,,,,,,R09.2_cumulative,2014-02-28,0.027972069606744664,6.130620305419019,,,,,,,,,,,,,,,,,
,,,,,,,,,R09.2_cumulative,2014-03-31,0.029305291850454607,6.155755848671237,,,,,,,,,,,,,,,,,
,,,,,,,,,R09.2_cumulative,2014-04-30,0.028623468573000417,6.144059912558762,,,,,,,,,,,,,,,,,
,,,,,,,,,R09.2_cumulative,2014-05-31,0.027917231330774544,6.269398734774961,,,,,,,,,,,,,,,,,
,,,,,,,,,R09.2_cumulative,2014-06-30,0.02759811113493255,6.433030041752588,,,,,,,,,,,,,,,,,
,,,,,,,,,R09.2_cumulative,2014-07-31,0.027218610377792593,6.30243953190501,,,,,,,,,,,,,,,,,
,,,,,,,,,R09.2_cumulative,2014-08-31,0.02769007777946582,6.5696629680577825,,,,,,,,,,,,,,,,,
,,,,,,,,,R09.2_cumulative,2014-09-30,0.028222260735618572,6.44089757388385,,,,,,,,,,,,,,,,,
,,,,,,,,,R09.2_cumulative,2014-10-31,0.02768438261447069,6.602564102988334,,,,,,,,,,,,,,,,,
,,,,,,,,,R09.2_cumulative,2014-11-30,0.027615415993160135,6.771589744024836,,,,,,,,,,,,,,,,,
,,,,,,,,,R09.2_cumulative,2014-12-31,0.028477917348034315,6.768203949152824,,,,,,,,,,,,,,,,,
,,,,,,,,,R09.2_cumulative,2015-01-31,0.026737418328139063,6.559066447124001,,,,,,,,,,,,,,,,,
,,,,,,,,,R09.2_cumulative,2015-02-28,0.02693068717371353,6.9617931269774145,,,,,,,,,,,,,,,,,
,,,,,,,,,R09.2_cumulative,2015-03-31,0.025934038220004594,6.885909581893361,,,,,,,,,,,,,,,,,
,,,,,,,,,R09.2_cumulative,2015-04-30,0.025630457581760836,6.927225039384721,,,,,,,,,,,,,,,,,
,,,,,,,,,R09.2_cumulative,2015-05-31,0.025559204948116428,7.0228207449282305,,,,,,,,,,,,,,,,,
,,,,,,,,,R09.2_cumulative,2015-06-30,0.026714660335508785,6.914669305456336,,,,,,,,,,,,,,,,,
,,,,,,,,,R09.2_cumulative,2015-07-31,0.0269297780966735,7.023229613552001,,,,,,,,,,,,,,,,,
,,,,,,,,,R09.2_cumulative,2015-08-31,0.028559420237434047,6.60043119081617,,,,,,,,,,,,,,,,,
,,,,,,,,,R09.2_cumulative,2015-09-30,0.027669995315420488,6.3984579963771955,,,,,,,,,,,,,,,,,
,,,,,,,,,R09.2_cumulative,2015-10-31,0.027714620819596254,6.894338491096428,,,,,,,,,,,,,,,,,
,,,,,,,,,R09.2_cumulative,2015-11-30,0.028542797034918306,6.933636220495678,,,,,,,,,,,,,,,,,
,,,,,,,,,R09.2_cumulative,2015-12-31,0.03138860049935732,6.78525640537707,,,,,,,,,,,,,,,,,
,,,,,,,,,R09.2_cumulative,2016-01-31,0.0308935063253534,6.396461213348964,,,,,,,,,,,,,,,,,
,,,,,,,,,R09.2_cumulative,2016-02-29,0.030143206030026237,6.393262982742289,,,,,,,,,,,,,,,,,
,,,,,,,,,R09.2_cumulative,2016-03-31,0.0297722549279437,6.838873412639428,,,,,,,,,,,,,,,,,
,,,,,,,,,R09.2_cumulative,2016-04-30,0.02923862004246571,6.901791048035712,,,,,,,,,,,,,,,,,
,,,,,,,,,R09.2_cumulative,2016-05-31,0.03138402721350086,7.025333107795551,,,,,,,,,,,,,,,,,
,,,,,,,,,R09.2_cumulative,2016-06-30,0.029228010322243952,7.024630574484772,,,,,,,,,,,,,,,,,
,,,,,,,,,R09.2_cumulative,2016-07-31,0.028467180746811212,7.302805945234369,,,,,,,,,,,,,,,,,
,,,,,,,,,R09.2_cumulative,2016-08-31,0.0275850714573782,7.340050255555065,,,,,,,,,,,,,,,,,
,,,,,,,,,R09.2_cumulative,2016-09-30,0.027537042274614336,7.361336401296174,,,,,,,,,,,,,,,,,
,,,,,,,,,R09.2_cumulative,2016-10-31,0.026258321626061024,7.21484580691038,,,,,,,,,,,,,,,,,
,,,,,,,,,R09.2_cumulative,2016-11-30,0.02642973904021675,7.565487313126224,,,,,,,,,,,,,,,,,
,,,,,,,,,R09.2_cumulative,2016-12-31,0.02529187844858909,7.704692279687746,,,,,,,,,,,,,,,,,
,,,,,,,,,R09.2_cumulative,2017-01-31,0.02577810245900027,7.857245186825564,,,,,,,,,,,,,,,,,
,,,,,,,,,R09.2_cumulative,2017-02-28,0.025580937408804988,8.139320289032602,,,,,,,,,,,,,,,,,
,,,,,,,,,R09.2_cumulative,2017-03-31,0.025835129584291894,8.155598929610667,,,,,,,,,,,,,,,,,
,,,,,,,,,R09.2_cumulative,2017-04-30,0.025797277059062818,8.247757197515268,,,,,,,,,,,,,,,,,
,,,,,,,,,R09.2_cumulative,2017-05-31,0.02536938746154132,8.34095685384719,,,,,,,,,,,,,,,,,
,,,,,,,,,R09.2_cumulative,2017-06-30,0.025078107678035123,8.411020891419506,,,,,,,,,,,,,,,,,
,,,,,,,,,R09.2_cumulative,2017-07-31,0.025030684794673266,8.575035798802187,,,,,,,,,,,,,,,,,
,,,,,,,,,R09.2_cumulative,2017-08-31,0.02428686872606116,8.598188395458951,,,,,,,,,,,,,,,,,
,,,,,,,,,R09.2_cumulative,2017-09-30,0.024457574193131097,8.820021656061792,,,,,,,,,,,,,,,,,
,,,,,,,,,R09.2_cumulative,2017-10-31,0.024396336329533856,9.026410162813638,,,,,,,,,,,,,,,,,
,,,,,,,,,R09.2_cumulative,2017-11-30,0.02360628305632937,9.315255288023675,,,,,,,,,,,,,,,,,
,,,,,,,,,R09.2_cumulative,2017-12-31,0.02278761008084498,9.422380723835948,,,,,,,,,,,,,,,,,
,,,,,,,,,R09.2_cumulative,2018-01-31,0.022502853634323108,9.958514187022214,,,,,,,,,,,,,,,,,
,,,,,,,,,R09.2_cumulative,2018-02-28,0.022255532129805054,9.60697863622033,,,,,,,,,,,,,,,,,
,,,,,,,,,R09.2_cumulative,2018-03-31,0.02200872671637146,9.392743012632616,,,,,,,,,,,,,,,,,
,,,,,,,,,R09.2_cumulative,2018-04-30,0.020844075957190223,9.433131807586935,,,,,,,,,,,,,,,,,
,,,,,,,,,R09.2_cumulative,2018-05-31,0.021112287590342498,9.694429558657093,,,,,,,,,,,,,,,,,
,,,,,,,,,R09.2_cumulative,2018-06-30,0.021617257092713203,9.755504464876633,,,,,,,,,,,,,,,,,
,,,,,,,,,R09.2_cumulative,2018-07-31,0.02002403557116499,10.08328941489649,,,,,,,,,,,,,,,,,
,,,,,,,,,R09.2_cumulative,2018-08-31,0.020214443885755235,10.448304491715742,,,,,,,,,,,,,,,,,
,,,,,,,,,R09.2_cumulative,2018-09-30,0.021979924804973298,10.470245931148344,,,,,,,,,,,,,,,,,
,,,,,,,,,R09.2_cumulative,2018-10-31,0.022645897068224296,9.690212609277793,,,,,,,,,,,,,,,,,
,,,,,,,,,R09.2_cumulative,2018-11-30,0.023262596949231808,9.873357627593142,,,,,,,,,,,,,,,,,
,,,,,,,,,R09.2_cumulative,2018-12-31,0.02160034823664402,8.949211353650425,,,,,,,,,,,,,,,,,
,,,,,,,,,R09.2_cumulative,2019-01-31,0.021475735734037597,9.716158766658268,,,,,,,,,,,,,,,,,
,,,,,,,,,R09.2_cumulative,2019-02-28,0.021910060052784074,10.065940482257966,,,,,,,,,,,,,,,,,
,,,,,,,,,R09.2_cumulative,2019-03-31,0.02151981467286157,10.195791114479093,,,,,,,,,,,,,,,,,
,,,,,,,,,R09.2_cumulative,2019-04-30,0.02337974207393411,10.62197518306432,,,,,,,,,,,,,,,,,
,,,,,,,,,R09.2_cumulative,2019-05-31,0.021802883588912397,9.909240648280704,,,,,,,,,,,,,,,,,
,,,,,,,,,R09.2_cumulative,2019-06-30,0.021673517601788136,10.619733202762431,,,,,,,,,,,,,,,,,
,,,,,,,,,R09.2_cumulative,2019-07-31,0.02331864332001344,10.76947144092138,,,,,,,,,,,,,,,,,
,,,,,,,,,R09.2_cumulative,2019-08-31,0.02303188853224152,10.51208107348336,,,,,,,,,,,,,,,,,
,,,,,,,,,R09.2_cumulative,2019-09-30,0.022167802532190365,10.680274370659093,,,,,,,,,,,,,,,,,
,,,,,,,,,R09.2_cumulative,2019-10-31,0.02061968714377319,10.917376461687725,,,,,,,,,,,,,,,,,
,,,,,,,,,R09.2_cumulative,2019-11-30,0.019699910997708837,11.352979782509067,,,,,,,,,,,,,,,,,
,,,,,,,,,R09.2_cumulative,2019-12-31,0.020700834757730175,11.682216196201828,,,,,,,,,,,,,,,,,
,,,,,,,,,R09.2_cumulative,2020-01-31,0.020570652727995117,11.68688908268031,,,,,,,,,,,,,,,,,
,,,,,,,,,R09.2_cumulative,2020-02-29,0.022517062990144013,10.74843188934108,,,,,,,,,,,,,,,,,
,,,,,,,,,R09.2_cumulative,2020-03-31,0.01807546054181641,9.326414350381256,,,,,,,,,,,,,,,,,
,,,,,,,,,R09.2_cumulative,2020-04-30,0.01753045662110124,10.59294141916303,,,,,,,,,,,,,,,,,
,,,,,,,,,R09.2_cumulative,2020-05-31,0.016547258845357425,11.18614613863616,,,,,,,,,,,,,,,,,
,,,,,,,,,R09.2_cumulative,2020-06-30,0.0171036605200408,11.460206719032746,,,,,,,,,,,,,,,,,
,,,,,,,,,R09.2_cumulative,2020-07-31,0.01596152825368451,12.129482791424259,,,,,,,,,,,,,,,,,
,,,,,,,,,R09.2_cumulative,2020-08-31,0.016522933761831213,13.05496232840993,,,,,,,,,,,,,,,,,
,,,,,,,,,R09.2_cumulative,2020-09-30,0.01628185590085126,12.58106719588865,,,,,,,,,,,,,,,,,
,,,,,,,,,R09.2_cumulative,2020-10-31,0.01360703983242215,12.320639104933754,,,,,,,,,,,,,,,,,
,,,,,,,,,R09.2_cumulative,2020-11-30,0.012784405423083066,13.854558673498007,,,,,,,,,,,,,,,,,
,,,,,,,,,R09.2_cumulative,2020-12-31,0.012133729232295845,14.497410195948314,,,,,,,,,,,,,,,,,
,,,,,,,,,R09.2_cumulative,2021-01-31,0.010433017409446684,14.48726200881115,,,,,,,,,,,,,,,,,
,,,,,,,,,R09.2_cumulative,2021-02-28,0.010998934786921552,14.894354071258745,,,,,,,,,,,,,,,,,
,,,,,,,,,R09.2_cumulative,2021-03-31,0.011205926882921623,15.365015659910522,,,,,,,,,,,,,,,,,
,,,,,,,,,R09.2_cumulative,2021-04-30,0.010934742766288294,16.128656938208078,,,,,,,,,,,,,,,,,
,,,,,,,,,R09.2_cumulative,2021-05-31,0.010689927944923005,16.17543004332888,,,,,,,,,,,,,,,,,
,,,,,,,,,R09.2_cumulative,2021-06-30,0.011339005002499456,16.61701928351176,,,,,,,,,,,,,,,,,
,,,,,,,,,R09.2_cumulative,2021-07-31,0.011163921124822623,16.839687341910818,,,,,,,,,,,,,,,,,
,,,,,,,,,R09.2_cumulative,2021-08-31,0.010656101845400057,17.336458118497188,,,,,,,,,,,,,,,,,
,,,,,,,,,R09.2_cumulative,2021-09-30,0.010532931487978596,16.57365396128331,,,,,,,,,,,,,,,,,
,,,,,,,,,R09.2_cumulative,2021-10-31,0.010501248548877741,17.672487218916395,,,,,,,,,,,,,,,,,
,,,,,,,,,R09.2_cumulative,2021-11-30,0.011009352632468704,17.393261920857515,,,,,,,,,,,,,,,,,
,,,,,,,,,R09.2_cumulative,2021-12-31,0.011002917808445294,17.958542933285383,,,,,,,,,,,,,,,,,
,,,,,,,,,R09.2_cumulative,2022-01-31,0.010471698319892185,16.85409254288833,,,,,,,,,,,,,,,,,
,,,,,,,,,R09.2_cumulative,2022-02-28,0.010846542124689558,16.469819232910478,,,,,,,,,,,,,,,,,
,,,,,,,,,R09.2_cumulative,2022-03-31,0.011393059461348137,16.97708966528412,,,,,,,,,,,,,,,,,
,,,,,,,,,R09.2_cumulative,2022-04-30,0.011106977640092169,15.379545527780884,,,,,,,,,,,,,,,,,
,,,,,,,,,R09.2_cumulative,2022-05-31,0.012432734745825581,15.33340689119754,,,,,,,,,,,,,,,,,
,,,,,,,,,R09.2_cumulative,2022-06-30,0.011148530926069133,14.054600756471665,,,,,,,,,,,,,,,,,
,,,,,,,,,R09.2_cumulative,2022-07-31,0.011050746039668343,15.41086972947118,,,,,,,,,,,,,,,,,
,,,,,,,,,R09.2_cumulative,2022-08-31,0.011287374689716337,14.859160593156112,,,,,,,,,,,,,,,,,
,,,,,,,,,R09.2_cumulative,2022-09-30,0.010369003734246995,13.499547398882328,,,,,,,,,,,,,,,,,
,,,,,,,,,R09.2_cumulative,2022-10-31,0.01017839758935027,14.591660783451907,,,,,,,,,,,,,,,,,
,,,,,,,,,R09.2_cumulative,2022-11-30,0.01068181879555553,15.318325490467814,,,,,,,,,,,,,,,,,
,,,,,,,,,R09.2_cumulative,2022-12-31,0.009299024513535486,14.39156679829451,,,,,,,,,,,,,,,,,
,,,,,,,,,R09.2_cumulative,2023-01-31,0.009130958631518174,15.391780690775981,,,,,,,,,,,,,,,,,
,,,,,,,,,R09.2_cumulative,2023-02-28,0.009323994741618644,15.048543981371678,,,,,,,,,,,,,,,,,
,,,,,,,,,R09.2_cumulative,2023-03-31,0.009781152772944094,15.47742748484077,,,,,,,,,,,,,,,,,
,,,,,,,,,R09.2_cumulative,2023-04-30,0.009249482563959917,15.62910627419221,,,,,,,,,,,,,,,,,
,,,,,,,,,R09.2_cumulative,2023-05-31,0.008389771373057927,15.736947107484136,,,,,,,,,,,,,,,,,
,,,,,,,,,R09.2_cumulative,2023-06-30,0.00799002157335194,16.81650167905755,,,,,,,,,,,,,,,,,
,,,,,,,,,R09.2_cumulative,2023-07-31,0.008166901380910663,17.431985640511055,,,,,,,,,,,,,,,,,
,,,,,,,,,R09.2_cumulative,2023-08-31,0.008290869668469484,17.099034714777293,,,,,,,,,,,,,,,,,
,,,,,,,,,R09.2_cumulative,2023-09-30,0.008903109656804015,16.27828104846798,,,,,,,,,,,,,,,,,
,,,,,,,,,R09.2_cumulative,2023-10-31,0.008438985111976003,15.842023116369038,,,,,,,,,,,,,,,,,
,,,,,,,,,R09.2_cumulative,2023-11-30,0.007759621976002233,17.31849967081463,,,,,,,,,,,,,,,,,
Market Q1 Bear,,,,,,,,,R09.3_market_conditional,,,,-0.01614659178970699,-2.1972739729768573,88.0,-0.052962499999999996,,,,,,,,,,,,,
Market Q2,,,,,,,,,R09.3_market_conditional,,,,-0.010930225362719623,-2.8388264576277047,86.0,-0.0001499999999999997,,,,,,,,,,,,,
Market Q3,,,,,,,,,R09.3_market_conditional,,,,-0.0031081571862732744,-0.740315789823212,87.0,0.024520689655172415,,,,,,,,,,,,,
Market Q4 Bull,,,,,,,,,R09.3_market_conditional,,,,-0.01745177773624231,-2.639042742844487,86.0,0.05968372093023255,,,,,,,,,,,,,
Q1/Q5 balance,,,,,,,,,R09.4_dollar_neutral,,,,,,,,1.0024646087230389,0.0053109150533967985,True,,,,,,,,,,
Economic magnitude,,,,,,,,,R09.5_magnitude,,,,,,,,,,,-0.004658261473091343,-0.004658261473091343,-0.05589913767709612,-0.009316522946182687,-0.11179827535419223,,,,,
Monthly IC (Spearman),,,,,,,,,R09.6_IC,,,,,,,,,,,,,,,,-0.026145959722883496,-2.460972412930086,0.01385610198522813,-0.4110621758836552,PASS
