date,DG_Q1,DG_Q2,DG_Q3,DG_Q4,DG_Q5,DG_LS,DS_Q1,DS_Q2,DS_Q3,DS_Q4,DS_Q5,DS_LS
1995-01-31,0.06225362054384685,0.0663234003378056,0.05260658087282787,0.04673242032458881,0.02185326206821528,-0.04040035847563157,0.02939072272211737,0.047743297966366005,0.0545588634688586,0.05389314243258637,0.0642247954849312,0.03483407276281382
1995-02-28,0.05529199754152123,0.046182970426972426,0.025905650192374858,0.037924301579546536,0.0049331937173498494,-0.050358803824171385,0.010586155178868678,0.01931788115885692,0.040482397948729876,0.03280250000275939,0.06800036730392563,0.05741421212505695
1995-03-31,0.03733100063210145,0.029949416854770303,0.017228487458780584,0.01623212695568204,0.026625602313587977,-0.010705398318513474,0.020129773750835456,0.028721181828706928,0.020753895812423526,0.02980443892172839,0.0282879581781786,0.008158184427343142
1995-04-30,0.041276541574800096,0.02593575230273408,0.028592624939788102,0.028245091237031603,0.044690526576205904,0.0034139850014058074,0.04592989064275208,0.04762565409078139,0.024243897799430574,0.026492015564771383,0.02477383059481246,-0.021156060047939622
1995-05-31,0.07113439898436248,0.020916952686009262,0.01815826295500811,0.022679318250368057,0.0024499831303930347,-0.06868441585396945,0.0047841185820611575,0.018249599978624992,0.017703948153229322,0.03154738024315196,0.06317358560081561,0.05838946701875445
1995-06-30,0.09239750334463685,0.04852657237649625,0.047923778124383344,0.032086465766879214,0.00995192299583291,-0.08244558034880395,0.02352752720950982,0.028445931557869612,0.03706701983602932,0.0611752145876381,0.08063203586955209,0.05710450866004227
1995-07-31,0.0310230670743529,0.02748759949007311,0.005125740349896474,-0.0006674394950571149,0.0003966394521166816,-0.03062642762223622,0.0045468197827799595,0.0059369094629705245,0.013091972781982937,0.015570671595751408,0.02410855452005776,0.019561734737277802
1995-08-31,-0.007896071605133533,0.019325375542623556,0.014750354468121375,0.03418907462589085,0.05568307290495719,0.06357914451009072,0.05381513417208631,0.04547870393399572,0.03235719031584434,0.009420005420029793,-0.02499038917246525,-0.07880552334455156
1995-09-30,-0.025612356085058453,-0.013374766809582403,-0.02111941284500045,0.014990817967733352,0.008934716416691836,0.03454707250175029,0.025573085793338543,-0.0022439896194485533,-0.025116722191178376,-0.0068802881847826,-0.027736844006528084,-0.05330992979986662
1995-10-31,0.042314753131678096,0.052017432491579765,0.05248155805132345,0.03946563436434922,0.03204924197187534,-0.010265511159802752,0.0390214436996321,0.041485996078195704,0.045394008914992116,0.05035073658416851,0.04208380277145151,0.003062359071819412
1995-11-30,-0.04049173100955432,0.019869260348022957,0.03258882520609326,0.02458270890426827,0.03905269946245141,0.07954443047200573,0.028811646284003997,0.03429137445178665,0.016926317743391695,0.0423325790874902,-0.04608990498274542,-0.07490155126674941
1995-12-31,-0.029894510608352475,0.039457948636667725,0.020779793220610795,0.04026316579777895,0.02981265007298481,0.05970716068133729,0.03764844744406617,0.031510059154097804,0.034885082746175806,0.024818811103750796,-0.02893069174874656,-0.06657913919281272
1996-01-31,0.03349861620655794,0.02965977323312856,0.01029294642986299,0.022373678657107522,-0.020064926121429422,-0.053563542327987365,-0.009683954007512631,0.009957239200511215,0.017112077634751758,0.020940170272308323,0.03699422108813941,0.046678175095652044
1996-02-29,0.007146544276305074,0.02413179216064102,0.027623306667634736,0.026097286585358336,-0.007458073149467244,-0.014604617425772317,0.004841248211731176,0.0129236285543899,0.025143472048554924,0.017622817066185775,0.016599635802830488,0.01175838759109931
1996-03-31,0.12020788613930704,0.030426749874102287,0.01878586797802894,0.017444701308670565,-0.023698997476044075,-0.14390688361535112,-0.009106653622639127,0.002203140539656839,0.008865048470377541,0.04397153365873123,0.11719778925743025,0.12630444288006937
1996-04-30,0.032357259474117654,0.016918848787996075,0.010062038008062999,0.010251789139218566,0.012998441507540955,-0.0193588179665767,0.017693797963837025,0.00303580405778209,0.020118845527553653,0.005906328310135119,0.03583360105762836,0.018139803093791335
1996-05-31,-0.05953713844365466,0.010131260190958814,0.008146810762880596,0.019367257469152913,0.03210586295372384,0.09164300139737849,0.03058865651220513,0.025455533247094708,0.005676695759145795,0.0037795487193981966,-0.05528638130478233,-0.08587503781698747
1996-06-30,-0.08571508937415893,-0.06935324802713201,-0.058851261574863444,-0.03876606710673521,-0.047480509787055016,0.03823457958710392,-0.03231369564235485,-0.04785575852074891,-0.05249737170292395,-0.05852897405017205,-0.10880530508772679,-0.07649160944537194
1996-07-31,0.04377703483008165,0.04680414853619936,0.041140295062880625,0.03060853283609129,0.019599539260626537,-0.024177495569455112,0.01985220175984343,0.02577490711702296,0.04480901374570997,0.03998632563547543,0.05126931760211762,0.03141711584227419
1996-08-31,0.06771240803957435,0.0535102007441579,0.046968172128814926,0.05216335425477361,0.039016396376554026,-0.02869601166302032,0.043267307399589006,0.057803759434351176,0.04934859064869151,0.05290800552433384,0.05609144850670267,0.012824141107113662
1996-09-30,-0.0037979295474427923,0.01132518841503279,0.022130161299677386,0.026982710070267195,0.0384868663352369,0.04228479588267969,0.039077248506040704,0.03031841677408349,0.013366325716195988,0.027120471288370335,-0.014755465711919036,-0.05383271421795974
1996-10-31,0.09468189412270482,0.08126263671237041,0.07001249537392099,0.06311002871654593,0.05159790161158759,-0.04308399251111723,0.06199244558237951,0.06279617115213125,0.060626569963182754,0.08412711040897473,0.09178979103332528,0.02979734545094577
1996-11-30,-0.007827457230111877,0.006503759787056307,-0.011568694582508093,-0.0019728373095253254,0.0005204885513386381,0.008347945781450514,-0.004466022420931217,-0.0035051276739401557,0.0033148912128875964,-0.008792199619475275,-0.001232847277710225,0.003233175143220992
1996-12-31,0.07407888215466184,0.04030894102563679,0.04132896951994971,0.04140281549919143,0.02491763573279916,-0.049161246421862675,0.03334292142194429,0.035743706460894614,0.050900038632691394,0.04315138212392771,0.05909061667503577,0.02574769525309148
1997-01-31,-0.015066622543056043,0.0025739221540017464,0.02213418733518556,0.013632457048570792,0.019144511271836855,0.034211133814892894,0.021796913570414002,0.0194343938913169,0.025117945110459727,-0.02124758136363243,-0.0026832159420192812,-0.024480129512433283
1997-02-28,-0.030478257194743147,-0.045936068967415304,-0.02149098268357995,-0.028159900070643652,-0.03310520515376684,-0.0026269479590236913,-0.03628714962246932,-0.032526689565109235,-0.018663353025481732,-0.026677664476583346,-0.04466812121080988,-0.008380971588340565
1997-03-31,0.004789792003570147,0.053632896085614785,0.04152118640549835,0.04919764362692192,0.03538743616306143,0.03059764415949128,0.042954668187549096,0.050361863333810944,0.044306169633293604,0.031950360127396785,0.014553573076119555,-0.02840109511142954
1997-04-30,0.12835555369307186,0.07208699371248731,0.07111775806219466,0.05373550048780288,0.041984810094950926,-0.08637074359812094,0.05120152930433928,0.04877509366212181,0.06713606841042766,0.08062250901142129,0.11946734331608454,0.06826581401174525
1997-05-31,0.027214511711280923,0.031110952272721277,0.06308635549213341,0.050042194632549546,0.04028151859479538,0.013067006883514459,0.05777796571458722,0.041998006304743846,0.05105539191228539,0.040164800734576366,0.020739368037287702,-0.03703859767729952
1997-06-30,0.11578785978785457,0.10684020653644931,0.06609228893572258,0.078553283316654,0.04887765323683038,-0.06691020655102418,0.047880461917806386,0.07537879464206247,0.07891521235182034,0.0970893553337362,0.11713406224916421,0.06925360033135783
1997-07-31,0.04758354398108238,-0.017863934767075228,-0.02360478357593488,-0.03770686565399729,-0.03968034762367291,-0.08726389160475528,-0.05725374812218578,-0.019503343065519405,-0.031624423687670065,-0.006795191062161526,0.043750094449636255,0.10100384257182204
1997-08-31,0.093981100788226,0.05988570977773796,0.05042538582417878,0.04740839698371575,0.05801002868629434,-0.03597107210193166,0.0577381713372013,0.05676528187220312,0.04852831998651013,0.04850732538904629,0.09813504143985217,0.040396870102650875
1997-09-30,-0.07833794506687901,-0.045212397616845854,-0.025816960828414066,-0.02610546847761525,-0.01222846333101402,0.06610948173586499,-0.01310081537566785,-0.020896448580951868,-0.04116918502038662,-0.03251664079224581,-0.0803133806321309,-0.06721256525646306
1997-10-31,0.010803649112747709,0.010607202449867213,0.037948836984436345,0.051153204505433085,0.06007878964667611,0.0492751405339284,0.054661222116957224,0.05280363932739992,0.04419406966307142,0.008337884801591046,0.010714967418576131,-0.04394625469838109
1997-11-30,-0.024051410565795125,0.02953759713381625,0.03500188152469574,0.04508319696798126,0.04377217679376075,0.06782358735955588,0.04702623151639714,0.03639759669205085,0.03876095083255384,0.003186265658809603,0.004044686949029317,-0.04298154456736782
1997-12-31,0.05076359920054497,-0.00043750146380867134,-0.004516611581698053,-0.022956146159724453,-0.007199608189184728,-0.057963207389729696,-0.005427630126562901,-0.0210398825342275,-0.01215569624370109,-0.0025059891410414256,0.056636024377392694,0.062063654503955595
1998-01-31,0.11937858864635593,0.07981601439836489,0.07690071266806534,0.07721263567155427,0.03765326083406221,-0.08172532781229372,0.059868481302516444,0.0637760002717601,0.07084133354444361,0.08011655435044306,0.11635884274923944,0.056490361446722995
1998-02-28,0.017106844705711048,0.06717073229640612,0.03441217331015024,0.05868308229902235,0.05577751564724231,0.03867067094153126,0.044855769880760926,0.05834137747506691,0.05329269973079242,0.04711076475150063,0.02901610324396792,-0.015839666636793006
1998-03-31,0.061942888687134996,0.0231914241689544,0.010249245502157295,0.0014578410945735299,-0.012668027002816029,-0.07461091568995103,-0.006748703977573733,0.003378375671514419,0.0025570828145509194,0.030151801695403633,0.05468968110105977,0.0614383850786335
1998-04-30,-0.06267342922058138,-0.04298235070255674,-0.016891002737889755,-0.014076799625893914,-0.013457589733775302,0.04921583948680607,-0.009497477016182478,-0.017042571766749764,-0.018362391812409135,-0.0351950440918994,-0.07098700718636948,-0.061489530170187004
1998-05-31,0.013528150084527705,0.010317194363568372,0.017919632517206085,0.011632427351485942,0.018822049599849257,0.005293899515321552,0.01880124621558434,0.01848139470146119,0.0137275810342926,0.0069486425846387746,0.014247410937848091,-0.004553835277736248
1998-06-30,-0.028492600887731562,-0.06489379642380527,-0.036140830050397484,-0.04704504263196383,-0.02273113917013184,0.005761461717599722,-0.014128904410526888,-0.045479912128627266,-0.04593262384857017,-0.060560229018192066,-0.033092504611651564,-0.018963600201124677
1998-07-31,-0.2420999834644333,-0.19064223944283898,-0.16151863782650208,-0.11950895018497204,-0.06423872094977721,0.17786126251465606,-0.09631245225006697,-0.12338391243312795,-0.1354665204833405,-0.17226811641989292,-0.25009508366462935,-0.1537826314145624
1998-08-31,0.13534183732916497,0.08157310158642128,0.06003491017063308,0.06851728163102093,0.048025538074097755,-0.0873162992550672,0.04800735278479724,0.04143654302857237,0.06944076175113643,0.09943126120562595,0.13517675002120602,0.08716939723640879
1998-09-30,0.16476070752751884,0.10123245870273095,0.12997568963263,0.07635180982997251,0.044180749703593175,-0.12057995782392567,0.06126482905359955,0.08038844340798557,0.10839204991231567,0.10168186132711395,0.16477423169543076,0.10350940264183121
1998-10-31,0.08386969397661849,0.044145647655299484,0.03580253223092226,0.052458528074081696,0.018440186630878888,-0.0654295073457396,0.016241421304866065,0.05134340276234095,0.042794567030306145,0.044598253147536966,0.07985402641329398,0.06361260510842791
1998-11-30,0.10912092113274054,0.05222767618079674,0.04784009867678769,0.03044197324486091,0.018801606936017356,-0.09031931419672318,0.018784946373022807,0.030013027997040406,0.043532768963173284,0.04743447945788713,0.11857210534424814,0.09978715897122534
1998-12-31,0.06260768154670482,0.017527019293278486,-0.004743266054575002,-0.017847544228766676,-0.03657695501387515,-0.09918463656057996,-0.03871062604881536,-0.01810294662614872,0.0010649908001960013,0.00843409361187897,0.06828142380565558,0.10699204985447094
1999-01-31,-0.07109131934576861,-0.006231070716698617,-0.02019467298945268,-0.007597943398927571,-0.020256620319709328,0.05083469902605928,-0.010422501182133339,-0.011196197500198372,-0.013537815807498617,-0.029768251325722573,-0.0615499303761609,-0.05112742919402756
1999-02-28,0.035048565895053604,0.05353400884447977,0.02841179040898541,0.0005240313312817681,7.067914559223676e-05,-0.03497788674946137,0.01614692307641253,-0.002753375323457743,0.017418213643592598,0.04503471716679867,0.04154628319123615,0.02539936011482362
1999-03-31,0.054756643482110214,0.10868611463710473,0.10708548923554106,0.10358158695425436,0.08497574211532828,0.030219098633218068,0.09114376181667273,0.08998622693109282,0.13328080938575362,0.06448541082297173,0.0795395974975877,-0.011604164319085036
1999-04-30,0.01813175190710819,-0.0018601600323594261,-0.02957446047360842,0.0004611712091138813,0.02000069088771695,0.0018689389806087614,0.00838390254442507,0.0030808669283066436,-0.02378630675764795,-0.006074600971400045,0.025729200492906803,0.017345297948481733
1999-05-31,0.13311710010834135,0.04598202071223261,0.026324730001930825,0.015464453983131368,-0.004330422571659849,-0.1374475226800012,-0.005107450243610718,0.03135070650282866,0.02679797662869941,0.03252425182163982,0.13346069306641825,0.13856814331002898
1999-06-30,0.018392584583776368,-0.019681920270221816,-0.0444312675826074,-0.02306935123028683,-0.025495682595978727,-0.043888267179755094,-0.02726149325214531,-0.03037255260771667,-0.037259347370304806,-0.03849548762809051,0.038770877999377555,0.06603237125152286
1999-07-31,0.01708363095387155,-0.025983176607726526,-0.03405093108475637,-0.033176084736193594,-0.003038811690446206,-0.020122442644317756,-0.0040531590784303705,-0.030988302292240425,-0.037690250115095913,-0.022851300491184248,0.016447118452579745,0.020500277531010115
1999-08-31,-0.04209293505583975,-0.028277626648690813,-0.03415353260093939,-0.04162059373604015,-0.04438744681748335,-0.0022945117616436014,-0.04344905121708075,-0.04410535415006915,-0.034116941646361094,-0.02709555711886488,-0.041787443006084675,0.0016616082109960767
1999-09-30,0.0554943390586733,0.023879024497039242,0.02363451074376245,0.040622425479496,0.01988550204114137,-0.035608837017531925,0.025712413715246737,0.051568258325243956,0.013020125053047015,0.023988898753572914,0.0492338484539064,0.023521434738659665
1999-10-31,0.11289403852100109,0.012624432699983156,-0.011363388207687893,-0.020611618673005705,-0.028619722599972065,-0.14151376112097316,-0.028307483706553407,-0.012863524881237246,-0.012300393176018928,0.008014548526049247,0.11038059497807892,0.13868807868463234
1999-11-30,0.18328734155658497,0.054243923543649854,0.024269343805248388,-0.021467417109058414,-0.011074875359082668,-0.19436221691566763,-0.007413136417782343,-0.023190377986510535,0.028837080110097696,0.045977540091403646,0.1849537346397052,0.19236687105748754
1999-12-31,-0.010703220812943037,-0.03579075827546878,-0.03875559013230183,-0.05325063890829799,-0.01879512118125879,-0.008091900368315754,-0.013409207122814381,-0.057999772417684996,-0.023842848500699215,-0.05432855247296574,-0.00785933131464543,0.005549875808168951
2000-01-31,0.2665843064339651,-0.019013013705946824,-0.07125480660826511,-0.1104844385779471,-0.08264708701358757,-0.34923139344755266,-0.0836327550153637,-0.08779431652672808,-0.07716261096702565,-0.026991993424208896,0.25891841815075506,0.34255117316611877
2000-02-29,0.04623015159076652,0.13455643880368426,0.1463591095968345,0.12064659130790582,0.06761635713992638,0.021386205549159855,0.07142571762123213,0.12583328628189683,0.1288899808476305,0.14145135757605162,0.04771541792260215,-0.023710299698629984
2000-03-31,-0.02304394452945671,-0.0008240159143895763,0.020226000857049807,0.04210337002017027,0.059272320376786765,0.08231626490624347,0.05654111029221684,0.020796623840029164,0.02429075277301258,0.013362213182522877,-0.017309654883953078,-0.07385076517616992
2000-04-30,-0.04188007591818997,0.03444147960495654,0.019457726272944578,0.04344193821732518,0.025103766832218464,0.06698384275040843,0.03831069038471629,0.017786797629116318,0.02231281599153543,0.03500323227647282,-0.03328134589183939,-0.07159203627655568
2000-05-31,0.060279494236002415,-0.00676728331023438,-0.033385167699060345,-0.04406860815618429,-0.01719899923542761,-0.07747849347143003,-0.019515479368180585,-0.046648420281415616,-0.018673991599189112,-0.016281765381721457,0.060232733432841724,0.07974821280102232
2000-06-30,-0.019040839981358818,0.03310694497123873,0.035441998859157886,0.04907852707643125,0.028233251124914784,0.047274091106273605,0.04014501334166975,0.03406837833662961,0.04229492537744102,0.03239033260410941,-0.023099213356414725,-0.06324422669808447
2000-07-31,0.15441856029898499,0.058742870160421,0.04681872655105645,0.04003848230066103,0.04518091743148416,-0.10923764286750082,0.04565925800914855,0.05248807514069188,0.03596000549864976,0.056382417749390935,0.15469675660534676,0.10903749859619821
2000-08-31,-0.06900233410166412,-0.00565008092898556,-0.009142595998791928,0.028659825933956315,0.061568296133244695,0.1305706302349088,0.062381488865303765,0.024940043572481217,-0.019191656734644586,0.0023609684263978573,-0.06398499975289906,-0.12636648861820282
2000-09-30,-0.0345685653737127,0.041613748924755244,0.07072029175924154,0.049736055990586996,0.02273913080503945,0.05730769617875216,0.02956391566355773,0.02263532711623441,0.08410662203577338,0.047239230727464374,-0.033077546483279825,-0.06264146214683755
2000-10-31,-0.10901592500803425,-0.02942807559443782,-0.0021392908786277156,0.03368282789498633,0.03211710532622902,0.14113303033426328,0.023233736295215895,0.019176469564571145,0.01833436165075592,-0.04820234933139335,-0.0875390260980005,-0.1107727623932164
2000-11-30,0.07823500201532212,0.13631381508360702,0.06704687909351251,0.0566808746150624,0.06317673213819298,-0.015058269877129132,0.06189424417163287,0.07074294113879875,0.07263946100032292,0.10009602360798844,0.0963529789910155,0.03445873481938263
2000-12-31,0.11659265652147949,0.022807680144098785,0.0030639976821206227,-0.02355473416161241,-0.03238813164814021,-0.14898078816961968,-0.03020822193346335,-0.025351470600223566,0.02031617426744999,0.011301823482326646,0.11052791059210157,0.1407361325255649
2001-01-31,-0.10716096538075752,-0.04044942233219299,-0.011436704565529645,-0.008354201670178925,0.027479453925785283,0.1346404193065428,0.012615614119611719,-0.0018340790749701056,-0.009232521170962285,-0.04844079965898231,-0.09301803901358742,-0.10563365313319914
2001-02-28,-0.046883363545423454,-0.0519854882016515,-0.024606430252199808,-0.023042106132895715,-0.0076095246514954855,0.039273838893927965,-0.013539250217840469,-0.02154698961902021,-0.021258071958477412,-0.04745033473771131,-0.05023340936573433,-0.03669415914789386
2001-03-31,0.16625252783025465,0.09526482496383418,0.05534838002988168,0.02082793263650874,0.05273125464944794,-0.11352127318080671,0.041579019663570464,0.03604843583984217,0.05985326201065119,0.10073395881604123,0.1525494181577818,0.11097039849421134
2001-04-30,0.014123180670485682,0.027937115835209726,0.045842559419301133,0.026030791440589084,0.025935050397332796,0.011811869726847115,0.03338332936942735,0.01839478770596095,0.03762839810299388,0.01972039145261544,0.03048191034311388,-0.0029014190263134745
2001-05-31,0.031891546884722205,-0.02488806789211765,-0.01632630319675866,-0.046942452989990884,0.006386120453283239,-0.025505426431438966,-0.002337429003719264,-0.020665167431164297,-0.022962749004672753,-0.03980330522021044,0.035780699725332654,0.03811812872905192
2001-06-30,-0.021685861595453694,0.0385161571578516,0.018238390089746384,0.021430826050219568,-0.0009869086451778377,0.020698952950275858,-0.0050743981653577405,0.01466117796665408,0.027646349404219936,0.02874346148630068,-0.010463987634630939,-0.005389589469273199
2001-07-31,0.006771693572056154,-0.04706689359041133,-0.004158881775051463,-0.035142883692405195,0.0067680532603674026,-3.6403116887512646e-06,-0.0027283740606356684,-0.02778490791612801,-0.026074349620009225,-0.028579280623209597,0.012337999994538074,0.015066374055173743
2001-08-31,-0.16349316118667528,-0.13019454352407275,-0.08438483405942748,-0.07438447132374136,-0.024476137509981327,0.13901702367669397,-0.028574064718288623,-0.07715867018278182,-0.08569742569438152,-0.1270127041655336,-0.15849028284291267,-0.12991621812462403
2001-09-30,0.1377906930546912,0.06956453607354045,0.033908293351259264,0.012419853583715716,-0.006449599440550154,-0.14424029249524134,-0.006864667939712095,0.016584565578962575,0.03146438326741874,0.06943557746737944,0.13661391824860777,0.14347858618831988
2001-10-31,0.13683848864533474,0.0733616453144797,0.09820247125183534,0.058227711713786275,0.036437042108226646,-0.10040144653710809,0.045195193238493594,0.06773271374074129,0.09082455300766419,0.07994767138380666,0.11936722766295695,0.07417203442446335
2001-11-30,0.0339701774349278,0.05649132010804616,0.04535024653735489,0.02293099505069299,0.029564608706015363,-0.004405568728912436,0.019781366415283497,0.045957164627752935,0.03571024330602892,0.035849078273890195,0.051242098673420076,0.03146073225813658
2001-12-31,0.0080256864491139,0.006558989259187633,0.012483586910293588,0.012522583041058043,-0.002717207368639609,-0.010742893817753509,0.005090441700436111,-0.0032097773777808166,0.013387168775625813,0.02052910383405658,0.0010628519396655809,-0.004027589760770531
2002-01-31,-0.06111356664449844,0.025104924658023442,0.027997905917580966,0.02404606645469736,0.018139986731627464,0.07925355337612591,0.011079652763979785,0.02791879261297042,0.02324673594440639,-0.0007719576448633857,-0.027729444077091273,-0.03880909684107106
2002-02-28,0.11135054288464159,0.06390750716358391,0.053890726336267465,0.035555911404728045,0.045644807383238166,-0.06570573550140343,0.05248600471498715,0.03772872879129677,0.049138772625391146,0.07572565713661195,0.09549599266803664,0.04300998795304949
2002-03-31,-0.0770820236881025,-0.0019123466773173536,-0.012683992583491252,-0.009286914287705013,-0.0030885902360529498,0.07399343345204956,-0.011247687863533412,-0.013916365367244925,-0.008764595566326139,-0.016889583069083308,-0.05355187250117978,-0.04230418463764637
2002-04-30,-0.03725747181281992,-0.015575781587880927,-0.01870327495450575,0.005861300853418577,0.0008874830769912134,0.038144954889811136,0.0018560533814347788,-0.00560393565166079,-0.004275797455985098,-0.018591918486619497,-0.03793944496199006,-0.039795498343424836
2002-05-31,-0.09551149814467293,-0.07047030094457592,-0.040875201482952865,-0.04825903116465737,-0.03097699822271409,0.06453449992195884,-0.025853489746655935,-0.04505466473114107,-0.05140528024966439,-0.06083643637908365,-0.10290652151600754,-0.0770530317693516
2002-06-30,-0.11677344832416707,-0.09844208001568282,-0.09120029953126006,-0.06604571414555598,-0.05931967987844498,0.05745376844572209,-0.045977612353536965,-0.09138449787810268,-0.09391139087320405,-0.09335788556800308,-0.10747133663948426,-0.06149372428594729
2002-07-31,0.0037671393735824706,0.017980814039930283,0.026703254025823273,0.018262562528317483,0.0031351962321648375,-0.0006319431414176331,0.008629807444415698,0.004873535351833971,0.023418004050504513,0.03197148531389648,0.0009656839454769351,-0.007664123498938764
2002-08-31,-0.07495151448536755,-0.06936615720458268,-0.06738324897367029,-0.07978207392909316,-0.06448974793372299,0.01046176655164456,-0.07064957298034467,-0.07964166805674516,-0.08813034313987733,-0.049339676907262646,-0.06789137213792638,0.0027582008424182902
2002-09-30,0.1093139764278135,0.061954506104137025,0.036275171515313225,0.0472199629206322,0.01794169713359802,-0.09137227929421549,0.020483726570245938,0.05195730323137744,0.05532711899108977,0.04681594757699766,0.09842362959647805,0.0779399030262321
2002-10-31,0.1844338371180952,0.07555912923123444,0.07519213955497077,0.04047735908705066,0.027457642273816786,-0.1569761948442784,0.03850691815975391,0.041828735727749485,0.06450751390859438,0.09362526561560318,0.16465167385346685,0.12614475569371295
2002-11-30,-0.1136241909711443,-0.0434154462269957,-0.03850394424235711,-0.0184288510331576,-0.000282157431306964,0.11334203353983734,-0.01784671481665734,-0.017753035821376432,-0.033403498125323415,-0.05254434629848408,-0.0927593798234747,-0.07491266500681736
2002-12-31,-0.004068710176277138,-0.02280004041650121,-0.03690742618093862,-0.03428364221718021,-0.03133761519559544,-0.027268905019318303,-0.030957412232030197,-0.03716535193071215,-0.03492658575720123,-0.025912236351482335,-0.0005295026908247197,0.03042790954120548
2003-01-31,-0.012135441192127769,-0.01972300157797612,-0.02289149061205089,-0.020746929997012175,-0.010288882242605412,0.0018465589495223565,-0.007946502014909795,-0.01573289240367927,-0.031967634257272975,-0.008113215076093422,-0.022025501869816895,-0.0140789998549071
2003-02-28,0.006217580645406548,0.03007851672269221,0.0045536463132954605,1.7915752790866393e-05,0.024894591194394324,0.018677010548987776,0.014911040030591545,0.012322039398322177,0.0006901077241352558,0.010386381624822185,0.027279581080839027,0.012368541050247482
2003-03-31,0.13808432538354898,0.06999586450427338,0.10100729073689292,0.08289461673759507,0.05655309147119757,-0.08153123391235141,0.06843852628764663,0.07289005965753116,0.09007671368402384,0.10214142091887286,0.11532909904442627,0.046890572756779644
2003-04-30,0.1861289908938963,0.10736912986267402,0.060851830766196296,0.056565345406936626,0.05096187723614498,-0.13516711365775133,0.04908995710890296,0.05444497961314823,0.07350941833223457,0.10001619180990427,0.18467088416555735,0.1355809270566544
2003-05-31,0.009556706477808655,0.028314033969731138,0.018561282200486733,0.006738185809944416,0.005119729056443397,-0.004436977421365259,0.014924233188247342,0.002827357230989685,0.0053476313721997504,0.028500142899636087,0.016633269444125333,0.0017090362558779913
2003-06-30,0.0730909031733111,0.03318057706614651,0.05542101642092103,0.022959839779291932,0.012995144843159723,-0.06009575833015138,0.0313854913316568,0.03582377206816589,0.03255825536215262,0.039470657024110956,0.05840930549674402,0.027023814165087222
2003-07-31,0.10182121194896385,0.04579395588488551,0.03455254708959803,0.015497681546904713,0.013607480924668664,-0.08821373102429518,0.010158726014520591,0.023063043658250057,0.026901620530465093,0.05433070336088716,0.09694683205859808,0.0867881060440775
2003-08-31,-0.02397150288647216,-0.016338898574612837,-0.016936466107790468,-0.002596428307175723,0.011762037433345016,0.035733540319817174,0.011697139329015142,-0.009822865676069078,-0.01753407861254389,-0.011725209889043763,-0.020735830695327074,-0.032432970024342214
2003-09-30,0.12413362503776369,0.07694785752430279,0.07799457583711387,0.05624214887317918,0.03808868821649427,-0.08604493682126943,0.03984882998197158,0.06519919833904271,0.06281375381434953,0.09235318189115375,0.11296191900744586,0.07311308902547428
2003-10-31,0.017891643959311188,0.025742571186017534,0.02319851896232394,0.011260245736092757,0.02616153116488862,0.00826988720557743,0.022365012777891866,0.013380593650274821,0.023485918973445263,0.02842976233773112,0.016597577814914024,-0.005767434962977842
2003-11-30,0.027894155270992857,0.0462654426073902,0.048188587855627914,0.04501126362734748,0.04139993230433151,0.013505777033338655,0.03921668635067867,0.05240840028271919,0.04901827620168357,0.03318834472653717,0.03494024513961766,-0.004276441211061008
2003-12-31,0.04582150615438481,0.01849248118150251,0.013313397411309005,0.020097083996662834,0.014611273152063968,-0.031210233002320842,0.024393600730955062,0.011917487595134505,0.008563255721459736,0.018661986467410047,0.04872743953717819,0.024333838806223126
2004-01-31,0.0034533978977136586,0.029928466608317772,0.027781848946887087,0.025483867449329105,0.020880688317717444,0.017427290420003787,0.02606022088397489,0.023088736927369662,0.02749783669024786,0.02694223958411959,0.003939235134253065,-0.022120985749721822
2004-02-29,0.0068269357378789855,0.019382443381122,0.003816845782637372,-0.0013563838119071102,0.012226368503927021,0.005399432766048036,0.0025822658708812216,0.003789635885815966,0.007311941488313247,0.014470743126157098,0.01274162322249074,0.010159357351609518
2004-03-31,-0.04995885114112339,-0.013439768333774497,-0.007797401465858224,0.006270747470075419,-0.02706311496654489,0.0228957361745785,-0.028599589174471966,-0.006183178096914646,0.004023340089253661,-0.023021860601241655,-0.03853072583516387,-0.009931136660691904
2004-04-30,0.053909291244805806,0.023479838736178645,0.01643647871672819,0.0023453810765057294,0.0282660839644534,-0.025643207280352406,0.023376121156396347,0.010157596015169733,0.009291805488784216,0.03578582091486751,0.04628835395267228,0.02291223279627593
2004-05-31,0.03628221160939229,0.032219101820896684,0.03718740656133276,0.035560223784849895,0.015819453937717387,-0.0204627576716749,0.011817147333004374,0.03889822090911769,0.037098821176994416,0.023129210654739264,0.04603782630561345,0.034220678972609074
2004-06-30,-0.07679707234311083,-0.03148744328240563,-0.02677016096088471,-0.03780972873762874,-0.006009253350117599,0.07078781899299323,-0.01564274846800022,-0.03968826374006971,-0.022205615266093052,-0.03546847654369508,-0.06580042710860597,-0.050157678640605746
2004-07-31,-0.016704636844583672,-0.015207934274204365,0.014375606326641357,0.012828094624494664,0.02930452841179514,0.04600916525637881,0.03400521073512537,0.007464458055132757,0.009840373103412606,-0.0022412431855902575,-0.024540830512045246,-0.05854604124717062
2004-08-31,0.06654750814192871,0.04986359160432495,0.03309773787626069,0.006416782374334583,0.008265823584336692,-0.058281684557592014,0.0024673861107521156,0.022693811442416674,0.027126140942168666,0.043684178865540914,0.06813079790785813,0.06566341179710601
2004-09-30,0.051335014097369416,0.002822826259049796,0.031456152507097,0.01821113931353933,0.027848165661742426,-0.02348684843562699,0.027609435627330363,0.024938412811196523,0.02036887014424179,0.019556881276194548,0.03903421615352347,0.011424780526193105
2004-10-31,0.08326478991117137,0.07434871209019567,0.050574212862413336,0.05342354233083227,0.03683840752755159,-0.04642638238361978,0.03963825986217378,0.04937580963696049,0.05051390259154662,0.06138479683112756,0.09818803803989307,0.05854977817771929
2004-11-30,0.04358406562058823,0.04749367942327972,0.03974357222937729,0.03780698580181824,0.03753582621829248,-0.006048239402295749,0.03135481676897159,0.04279946377155638,0.038089197030432544,0.04823921695109218,0.04565710572425998,0.014302288955288393
2004-12-31,-0.046598250741985106,-0.01369700133439056,-0.03532582442965699,-0.005977804935891516,-0.03225465344544863,0.014343597296536476,-0.027666339662799497,-0.02087838367994524,-0.02006819879618874,-0.021470252695382334,-0.043545983205505984,-0.015879643542706486
2005-01-31,0.03552328122914442,0.03263188174161726,0.026285298825618444,0.02361757337053849,0.017331760870800655,-0.018191520358343767,0.020611685771214933,0.00900779054481259,0.03930076713200052,0.028106536923480446,0.03836301566621078,0.017751329894995848
2005-02-28,-0.011688012747769297,-0.023906569216542238,-0.016451723995276547,-0.010466742619797959,-0.005719276122202639,0.005968736625566658,-0.0045941631997186245,-0.0082741190270173,-0.020994291411758622,-0.016229453852236418,-0.018140297210857716,-0.013546134011139091
2005-03-31,-0.04982150786973818,-0.035155191541722586,-0.030299525251790988,-0.009522353044949427,0.009821267098737901,0.05964277496847608,0.006685529899810905,-0.0230048043575423,-0.016346865100502903,-0.03204032476207654,-0.05110183213870462,-0.05778736203851552
2005-04-30,0.1134061675021436,0.048305160734130506,0.038905547760903436,0.03090474315873164,0.024624944240796916,-0.08878122326134669,0.027685695441842746,0.033050890392703855,0.03559657097338925,0.05500935432351736,0.10488436188896079,0.07719866644711804
2005-05-31,0.01316293640985592,0.04235831396340151,0.01564844935859938,0.009583669580645285,0.011936067015405645,-0.0012268693944502748,0.01244009290818121,0.002237534047129593,0.023897174262208228,0.023865414169870473,0.02987474216766249,0.01743464925948128
2005-06-30,0.09172400417985885,0.0557917887797608,0.057794166979076966,0.04527864511107562,0.040376141477967344,-0.051347862701891504,0.04730578997116787,0.04478442173251174,0.05418161140498155,0.06057429741402585,0.08406627012716714,0.03676048015599927
2005-07-31,-0.008529359688551265,0.0013359212322686471,-0.016993462496715656,-0.013240671392380976,-0.018667514136539887,-0.010138154447988622,-0.01156515703209316,-0.02221244256480655,-0.022677988934719694,-0.011979258205041471,0.01225737581361125,0.02382253284570441
2005-08-31,0.016757385095726468,0.014034619109997338,0.02163825949526388,0.01523815487355565,0.005812143724450484,-0.010945241371275984,0.005959660052447342,0.01987658882549945,0.004779262830108774,0.023922195502472376,0.01894285508846588,0.012983195036018537
2005-09-30,-0.018055946369749196,-0.023505593797571615,-0.004955605006713753,-0.0039442184259266206,-0.01012697919717968,0.007928967172569516,-0.005510326321664584,-0.005034822296711161,-0.018244927544682293,-0.01777041463625586,-0.014027851997826966,-0.008517525676162381
2005-10-31,0.07933404697306619,0.0577348441239396,0.04831039509752475,0.021996926248959988,0.03302034411287282,-0.046313702860193366,0.02755587311399408,0.04129407777377605,0.043229796126368396,0.05745407232267892,0.07161314553634406,0.044057272422349976
2005-11-30,0.01408976226188897,0.005681044728216342,0.00017653717012003315,0.002088891548678728,0.0029173042424784253,-0.011172458019410544,0.0011570087197781726,0.004510081651176209,0.00017052483154910775,0.006264065041658163,0.013039290917976074,0.011882282198197902
2005-12-31,0.08770121581418239,0.04664748769846269,0.047823555518332214,0.03868239654622045,0.02845531814077375,-0.05924589767340864,0.01669871875413426,0.033141305107166764,0.04920749873702163,0.05863476384400847,0.09173954624600011,0.07504082749186586
2006-01-31,0.010054062309306422,-0.005935041299845738,0.024445566328082553,0.021507350114567603,0.016288153046031942,0.00623409073672552,0.021106059177074712,0.020584984371878414,0.01685140030823871,-0.0007684994134298763,0.008477657968383045,-0.012628401208691667
2006-02-28,0.041828147811260784,0.03367752462591903,0.02014220579414876,0.01761901198533768,0.016478220326386055,-0.02534992748487473,0.004830158120543303,0.024968524915220794,0.02730262667120878,0.015213440267319902,0.05753265229557467,0.05270249417503137
2006-03-31,0.01979672944085526,0.002489601105391602,0.005242378080218364,0.026645471807767718,-0.002382084714775723,-0.022178814155630985,0.02196312144670888,0.014351378591389663,-0.000327925408301261,0.00021000086021516644,0.015515944465323067,-0.0064471769813858135
2006-04-30,-0.0549869542522055,-0.04417278131966172,-0.037680369052436984,-0.019284451570931983,-0.01047425595049498,0.04451269830171052,-0.010076036345050481,-0.021995165077197662,-0.026760332004189875,-0.048702447542808246,-0.05890883064722424,-0.04883279430217376
2006-05-31,0.002345445779254916,-0.0006758686078477484,0.005028874680914886,0.007130072766764388,0.01250205441521308,0.010156608635958164,0.005564248991717363,0.004570403772736582,0.010676061421303019,-0.005195245082916823,0.01079578402775064,0.005231535036033277
2006-06-30,-0.04962348935599708,-0.004160896064688253,-0.016210425458402386,0.004291934478287897,0.03276000526108711,0.08238349461708419,0.024297887547758277,0.001374929080865466,0.00643253901908467,-0.01748962018707845,-0.04778741969217102,-0.0720853072399293
2006-07-31,0.05181814998676822,0.023641831609194537,0.016792084645181903,0.02628918381470753,0.03087755848348495,-0.020940591503283267,0.018712477652305944,0.03136629759532335,0.03618020250226163,0.018427805190345942,0.04473202559910028,0.026019547946794334
2006-08-31,0.04382507359015792,0.03160498192576706,0.032612755838317964,0.022819720793137814,0.012467093606746193,-0.03135797998341173,0.020146593940780423,0.027601992141524718,0.03311361069007325,0.0200714601477334,0.042395968834015155,0.02224937489323473
2006-09-30,0.06124887735936372,0.03934161140285632,0.03099131372025741,0.03966234675869677,0.04017504252244304,-0.021073834836920678,0.036366570663268094,0.03706190542305083,0.04040864192656099,0.04522422902290216,0.05235784472783518,0.015991274064567088
2006-10-31,0.04362181854900217,0.032717028257855656,0.018290837475386828,0.021878161111776817,0.017820271481147284,-0.025801547067854886,0.015559413716371102,0.022485939211533416,0.02464753323793833,0.026668465943189536,0.04497948575985361,0.029420072043482508
2006-11-30,-0.005146614345517983,-0.004795116017816369,0.01240417469889826,0.012717812749816704,0.004816730283095703,0.009963344628613686,0.016107204170818002,0.012509158025863306,0.0012718582614528356,0.0014029428358938731,-0.01136560526315849,-0.027472809433976494
2006-12-31,0.022187277598318837,0.03718652358907314,0.04595918638609519,0.03565799925699219,0.018048596648124065,-0.004138680950194772,0.010816250333239916,0.0314826631625331,0.04962320879999608,0.04644999141269317,0.020718358970334225,0.00990210863709431
2007-01-31,0.00798191971610177,-0.010714011316297541,-0.006465024241559128,-0.010884825569938602,-0.007154621440010335,-0.015136541156112106,-0.0039678027328825345,0.0037366470808759436,-0.017241870086283508,-0.01689773082442565,0.006984515296501849,0.010952318029384383
2007-02-28,0.0034225165240872445,0.001440194692838132,0.013534997736531757,0.007417181791060428,0.007490789516096106,0.004068272992008862,0.007110969642439767,0.016148960164131934,0.0023693805790733513,0.008029844979327981,-0.0005085531204351753,-0.007619522762874942
2007-03-31,0.0659428891907604,0.04089443521835396,0.042028733624274894,0.027260988668640726,0.0295695483865074,-0.036373340804253,0.034235768762796596,0.04130743568942483,0.02789229631189922,0.04379228696537977,0.05827246795192062,0.024036699189124024
2007-04-30,0.04383802827728775,0.03905930060763649,0.0430616423789254,0.030592455916597167,0.017322924981127103,-0.026515103296160646,0.016829195278643266,0.03332431609555844,0.04065970810841076,0.03867938957804604,0.04434838290271382,0.027519187624070553
2007-05-31,0.006777151460166673,-0.019212322997446366,-0.015391468843556667,-0.03408392922477745,-0.027104014525761555,-0.033881165985928226,-0.02896674799101622,-0.012539288320457873,-0.028674643190247713,-0.013939270010122332,-0.004894634619531223,0.024072113371484998
2007-06-30,-0.01538212549574616,-0.035809481310088404,-0.03688573246649892,-0.04042364393683177,-0.0376713252077158,-0.022289199711969642,-0.03656783189289628,-0.03963202439315491,-0.045496721085731606,-0.03173570825316401,-0.01274002279193425,0.02382780910096203
2007-07-31,0.018815794816352486,0.015432173436388696,0.016025432421246932,0.024055024421169344,0.020239918475444207,0.0014241236590917215,0.02475314276452851,0.007359757762229561,0.03171366476647912,0.0011089034635903812,0.029550411647827204,0.004797268883298695
2007-08-31,0.049935211377179205,0.017717144435717674,0.03299078307513713,0.02665027840427996,0.03568505795651825,-0.014250153420660952,0.034052826329062466,0.026136485200573593,0.02246093711475648,0.029778299621572666,0.050770515664090854,0.016717689335028388
2007-09-30,0.04839511973570143,0.022673227357705897,0.02342290689866534,0.017071710871110354,0.018738350923165368,-0.029656768812536063,0.010369522016542189,0.02774221707848149,0.01636702579364184,0.027308991756683252,0.04904169244265462,0.03867217042611243
2007-10-31,-0.0761688515068088,-0.0396855760749171,-0.03891778628435943,-0.03303062510671983,-0.009332020193279401,0.0668368313135294,-0.009945228668828082,-0.03999054975331842,-0.03199466242416527,-0.03563735978739678,-0.07951210763510044,-0.06956687896627237
2007-11-30,0.005401063201825726,-0.004496195744172067,-0.01182457478001296,-0.015852570714859113,-0.016395854906568814,-0.021796918108394542,-0.015577458285235211,-0.010745587329399842,-0.019941825447729242,-0.008235633325841055,0.011239909733953382,0.026817368019188593
2007-12-31,-0.06888288753570239,-0.0606604518507409,-0.034964110017710055,-0.03696605774029347,-0.038128616773897596,0.030754270761804793,-0.04420955881115607,-0.052106451469361374,-0.03222476258816285,-0.05636015506013383,-0.05466367068227622,-0.01045411187112015
2008-01-31,-0.01045005122336608,-0.008074459715523214,-0.032965932530314726,-0.03950198768661408,-0.03265732600777405,-0.022207274784407975,-0.0358855101869841,-0.03781585163180953,-0.02825316153302765,-0.0206670801908226,-0.0009635951141361242,0.034921915072847975
2008-02-29,-0.027498316607039268,-0.0024178725298632945,0.01757027236225,-0.01411518335428134,0.015123453617824585,0.04262177022486385,0.012922746121163295,-0.0016805207161640547,0.0049733419471256635,0.0014771891433492516,-0.02920296369720162,-0.042125709818364915
2008-03-31,0.0984234917584418,0.07906877510574743,0.06238298387244444,0.05523151818182482,0.032293305121766314,-0.06613018663667548,0.0423264159702546,0.05730289939177028,0.05340180600867915,0.07902550176918578,0.09522042106658479,0.052894005096330195
2008-04-30,0.04871509169942351,0.046525471200797114,0.025943668822655974,0.01469763636976679,0.00909347893103752,-0.03962161276838599,0.007627357532237267,0.01995362274566237,0.023459341936277005,0.0492133985653194,0.044687594369028985,0.037060236836791716
2008-05-31,-0.10436034101121215,-0.08903254785145158,-0.0998684195199338,-0.09746365945084513,-0.07776468927783253,0.02659565173337962,-0.08223293424126442,-0.09150771030438527,-0.09914441940117807,-0.10231262587442369,-0.09328204948017775,-0.011049115238913332
2008-06-30,-0.006602095575599613,0.01153721934302422,0.03914406319365952,0.023719459177800318,0.021443644121773953,0.028045739697373565,0.018075982073983667,0.03717622676120416,0.03410894626814598,0.0070020250053485006,-0.007189864052482993,-0.025265846126466658
2008-07-31,0.03181180230312767,0.0430700112914355,0.03725650239314255,0.02266435787612516,0.020875674888768465,-0.010936127414359204,0.022941269089230196,0.016364595106493806,0.03487766178356839,0.031326964945821295,0.05016785782748568,0.027226588738255484
2008-08-31,-0.13182768041010318,-0.11935223655679782,-0.06378794197343075,-0.051485642211482094,-0.03671072561599512,0.09511695479410806,-0.04510738177219779,-0.05975088728155937,-0.08257260972987414,-0.09020269148109657,-0.12553065650308112,-0.08042327473088334
2008-09-30,-0.22375280182064775,-0.21141172595637822,-0.21303882181263983,-0.15838470155847106,-0.132787759395102,0.09096504242554573,-0.150156457816395,-0.16369440808523772,-0.18982762551735052,-0.21400506429580654,-0.22169225482844904,-0.07153579701205404
2008-10-31,-0.129418463761075,-0.0969709927638601,-0.11431917344762882,-0.06779812723338587,-0.019945951388407972,0.10947251237266702,-0.02940571703513032,-0.07422090980544979,-0.11254039405570919,-0.11140665981208955,-0.1022490655123617,-0.07284334847723137
2008-11-30,0.08291816972395184,0.10612422345153555,0.01983821151131171,0.03762505503262609,0.003434488108156736,-0.07948368161579511,0.012045339381840683,0.031229885319512284,0.06324331587065475,0.0704619335106408,0.07393053443455136,0.06188519505271067
2008-12-31,-0.044773481906625175,-0.11291077973422962,-0.10469148557081961,-0.08204967572875897,-0.05050351361091324,-0.005730031704288062,-0.05155333903244084,-0.08345988564308392,-0.10390815624614869,-0.08052952099020064,-0.07504892142117019,-0.02349558238872935
2009-01-31,-0.11251628641255092,-0.1087599992349272,-0.12508041970669703,-0.11031210857212363,-0.10792945797234807,0.0045868284402028475,-0.11289662815344036,-0.11310374312849354,-0.11437517122846252,-0.12431102628140765,-0.10001491139231056,0.0128817167611298
2009-02-28,0.15488585928131593,0.12667119096588847,0.09692235661505832,0.09160321384748232,0.05258409732808362,-0.10230176195323232,0.06402628728988687,0.09298770620240014,0.10506965400980822,0.11523712092348604,0.1452101445083625,0.08118385721847564
2009-03-31,0.29175656968623753,0.22749943346999746,0.1655206202230835,0.12108333083358826,0.04412326055233955,-0.24763330913389797,0.07442800870782988,0.14886097453929092,0.17417534544111873,0.19004967372708959,0.26233850807914416,0.18791049937131427
2009-04-30,0.08221792794457096,0.061209955520867255,0.03536446802916231,0.009189786257606993,0.02232568239061116,-0.0598922455539598,0.01656707071242066,0.019853816925401026,0.031042908249573863,0.06545600821619235,0.07758950365224589,0.061022432939825226
2009-05-31,-0.016977216634984943,-0.0009915672357763763,0.0009850559737451946,0.020611515144357075,0.0366621302184765,0.053639346853461445,0.03536244389672019,0.0029744045249643783,0.012361888535559765,-0.0037571565158511485,-0.0069273751363793535,-0.04228981903309954
2009-06-30,0.1500901636957104,0.11136973046107114,0.09042511803718348,0.07047746865465254,0.05725914030082943,-0.09283102339488097,0.06183909893259706,0.06838898670119313,0.09369994682452722,0.11903609546596443,0.13665749322516516,0.07481839429256809
2009-07-31,0.13029167485939638,0.05396367910386653,0.04975961902111303,0.0312977298973806,0.015437477582721347,-0.11485419727667504,0.01875938029617919,0.03887715905432165,0.03919273183421725,0.05756324221084309,0.1278648602386899,0.10910547994251071
2009-08-31,0.057698412418978565,0.05377116999524612,0.04688792892315019,0.03320144706361467,0.023597497365195483,-0.034100915053783085,0.03271432989805159,0.03118683280846616,0.048744679814779486,0.04161086072148715,0.0609245092019557,0.028210179303904105
2009-09-30,-0.06869861069330768,-0.03692878434468867,-0.01641529227557147,-0.01548128387629865,-0.00199473669911304,0.06670387399419464,-0.0031721902710415816,-0.01331244230382247,-0.03242378039561159,-0.017833719673422253,-0.07299002175334882,-0.06981783148230723
2009-10-31,0.08848222897835459,0.04531143452523708,0.061637102214302464,0.057486814847204415,0.045702795462916605,-0.04277943351543798,0.04907295809658272,0.05882210889065566,0.054457496529239445,0.04657398592293592,0.08969382658860142,0.0406208684920187
2009-11-30,0.07755738583189511,0.05361376075270447,0.04205380939003267,0.03168689206680386,0.02696571781225402,-0.050591668019641094,0.025314398932305554,0.031474998100858215,0.05072050674502533,0.05380785849335414,0.07067360491280081,0.045359205980495254
2009-12-31,-0.022267674396865618,-0.03510443285507166,-0.03410127073271367,-0.025390052087767408,-0.021004667500101562,0.001263006896764056,-0.027767175360976212,-0.02405514793788685,-0.04266306734455761,-0.03334507783186051,-0.009996915160750674,0.01777026020022554
2010-01-31,0.053726722121416604,0.03689905981949497,0.046057663126152316,0.04457385077358356,0.015397835778893882,-0.038328886342522725,0.020379881354746488,0.04013442745263901,0.04447289473469477,0.040277493386212906,0.05136958247557109,0.030989701120824605
2010-02-28,0.10373621653011464,0.07427026322772713,0.06861511421365442,0.05927059392721126,0.03756860069091308,-0.06616761583920155,0.04074193326716119,0.06481940365874146,0.07252847334167123,0.06293701671205297,0.1024854531774676,0.06174351991030641
2010-03-31,0.0613054837862336,0.04267233885337315,0.04059000788636763,0.030828998999144996,0.015896177208925676,-0.04540930657730792,0.020095450144291177,0.0356045091183277,0.045429997594541915,0.033904785993497104,0.05632194795849471,0.036226497814203534
2010-04-30,-0.08380328705918867,-0.0699719460194438,-0.07103218875958324,-0.06434190041533194,-0.054224567185291964,0.02957871987389671,-0.06384800432809097,-0.05889950941793291,-0.06533323606200148,-0.07158591051366069,-0.08370722911715356,-0.019859224789062588
2010-05-31,-0.09277964372593388,-0.061092337769711284,-0.05735030255894948,-0.040188532474635406,-0.012704019764915857,0.08007562396101803,-0.022984316342061502,-0.041584151034761825,-0.053902424865950524,-0.06136516615371883,-0.08427877789765323,-0.06129446155559173
2010-06-30,0.08469897090895334,0.07365635104845437,0.08259979625239988,0.05810933173128714,0.053611054324806166,-0.031087916584147175,0.06347594999461206,0.06802776151629693,0.06719606198690908,0.07542725657449256,0.07882772446877898,0.015351774474166913
2010-07-31,-0.035649441832148535,-0.05971835418545345,-0.0521943368628779,-0.04099707712106221,-0.0047578042084262,0.030891637623722334,-0.02155987772748873,-0.03225985783061933,-0.05017921779156195,-0.044020978874801345,-0.044953579210530566,-0.023393701483041835
2010-08-31,0.13496945820884407,0.10696775879313988,0.11404954974086698,0.08940589879631618,0.06102987135509759,-0.07393958685374648,0.07109781794915558,0.08760034406277642,0.10650047354331905,0.11410805046962515,0.12718513316734886,0.05608731521819328
2010-09-30,0.057888148564666356,0.04046392440951473,0.03978918476026812,0.0359393061140018,0.025314023371287707,-0.03257412519337865,0.028348323697524953,0.03216967515466709,0.04514666830162514,0.03185697930730629,0.06187294075861523,0.03352461706109028
2010-10-31,0.00573331274884279,0.001468376810987074,0.01358292260863822,0.005108596802240073,-0.01073382147609766,-0.01646713422494045,-0.004860848106737664,0.0049930224775576485,0.00758825606988877,0.006813364378598084,0.000625592675303661,0.0054864407820413245
2010-11-30,0.10706270887736971,0.08685475564978962,0.06680556491453381,0.05553475167828757,0.045085983641272684,-0.06197672523609703,0.04755937775722148,0.059890831613445605,0.06762434606928397,0.08310866318424591,0.10393331667108432,0.056373938913862845
2010-12-31,0.03980432715046461,0.04382326880779847,0.02993114888837316,0.014622043733779152,0.008346079320509266,-0.03145824782995535,0.011136599474526209,0.020789704479113026,0.017657307295652024,0.04159344150492864,0.045242943247342494,0.03410634377281629
2011-01-31,0.02519527086647628,0.043883124203838116,0.03529032464196076,0.028388344937053795,0.03383369464749082,0.008638423781014544,0.025066513589433563,0.040019732617581495,0.0388007299950136,0.029753013037597236,0.03291873514071037,0.007852221551276808
2011-02-28,0.009188876134606635,0.011823399496662917,0.02356508150063434,0.013718419862429814,0.01528170359845059,0.006092827463843955,0.01514233807226649,0.015343928074884378,0.0061898516155974885,0.02717182482319793,0.009506778649337537,-0.005635559422928952
2011-03-31,0.03536784642951385,0.030537512152358542,0.037366750598996676,0.036959301302273116,0.03848320259201422,0.003115356162500374,0.04290378200412491,0.03281424292908051,0.028543155109511192,0.035795368437668396,0.038658064594771405,-0.0042457174093535055
2011-04-30,-0.0032403111391853955,-0.015313186896012366,-0.019479215994692815,0.006568506276629804,0.011637489802404677,0.014877800941590072,0.005615621244284609,0.003127224862153508,-0.009080249924591133,-0.017345847120904957,-0.0021434670117981224,-0.007759088256082732
2011-05-31,-0.03914407481214189,-0.011571283914770645,-0.0129472243331846,-0.011263179671809944,-0.009300649884061167,0.029843424928080724,-0.013488713852435167,-0.009328713433522817,-0.015625900804055657,-0.01687964896416996,-0.029232350445883452,-0.015743636593448285
2011-06-30,-0.04391583576341051,-0.031586702830571085,-0.034989846325613194,-0.033287258205498285,-0.028940164744201288,0.01497567101920922,-0.033985310192224234,-0.03498411596502295,-0.028087281310875338,-0.03832058401356556,-0.03746983081800611,-0.0034845206257818756
2011-07-31,-0.10373202745912771,-0.06466931831364295,-0.059865249857954876,-0.03592370177822661,-0.0034740992822609464,0.10025792817686677,-0.016521214697022266,-0.04076273539894462,-0.052976094588299924,-0.05958655111261645,-0.09893588823743373,-0.08241467354041146
2011-08-31,-0.12781198343650066,-0.09269664694753846,-0.09708274283836527,-0.055575450058703485,-0.02849926504262444,0.09931271839387622,-0.03660077770255373,-0.06637919378850346,-0.08127285403693017,-0.09883311811081837,-0.11974951911741308,-0.08314874141485934
2011-09-30,0.18176212964973365,0.16102375390142684,0.1374418797183233,0.11150614848849283,0.06601554066779343,-0.11574658898194022,0.08081724944641952,0.12104762590412864,0.1294180771716874,0.15494829352317313,0.17281237151117304,0.09199512206475352
2011-10-31,-0.01390790426582333,-0.0034452452398510878,0.008055874591167661,0.00480527710185966,0.004814032326364835,0.018721936592188165,0.008432557894948614,0.006964065313200865,0.0007936467566851459,-0.0020022882697990365,-0.013912282404774674,-0.022344840299723286
2011-11-30,0.0016131654841102835,-0.0012745470815359778,0.005529362782434919,0.016527297340717634,0.02486399211585262,0.023250826631742338,0.021358424450756107,0.015785428567952276,0.012601706766069793,0.0028262215241573606,-0.0052699929479519065,-0.026628417398708012
2011-12-31,0.15670696188997757,0.08011013022773675,0.05936499243984372,0.05225832791535616,0.005320930584174031,-0.15138603130580353,0.020866331134747142,0.046112793449118714,0.06523626164435209,0.0761548080032905,0.1452632898801281,0.12439695874538095
2012-01-31,0.060521224244459194,0.04978356210757435,0.036308808112100806,0.027758418208568798,0.0077019522513573505,-0.052819271993101845,0.014471525675607281,0.027656551407049708,0.03375770790042772,0.04845727587952683,0.05771282617499875,0.04324130049939147
2012-02-29,0.037127947056859026,0.0362945053920409,0.026246429780963573,0.035788335988434575,0.02675386038917126,-0.010374086667687767,0.03081951783186871,0.03298198577393287,0.028671352871427504,0.03496332358048951,0.034722524726636145,0.0039030068947674343
2012-03-31,-0.007716283844533729,-0.012328962857344862,0.0006764740169080235,0.01476069659327598,0.011673896816411181,0.01939018066094491,0.016297826162329096,0.006287051427140271,-0.00419634501661187,-0.0016108169682311347,-0.009711894879909769,-0.026009721042238865
2012-04-30,-0.09438158020184494,-0.05951435969097206,-0.06938524401556642,-0.04552301495769671,-0.014829758030053134,0.0795518221717918,-0.024560646758812543,-0.03729115660446605,-0.06314648758996487,-0.08274060327317849,-0.07677887195380032,-0.05221822519498777
2012-05-31,0.03968179438878777,0.024268671482473667,0.03207759047500296,0.03197871759565004,0.04715702508197524,0.007475230693187465,0.04023207044021102,0.038592859404886125,0.035328113782882344,0.026592346397714378,0.03453013170725177,-0.0057019387329592525
2012-06-30,-0.009387713769682508,0.003276207710289869,0.002884934287745404,0.013835645026185317,0.01516669393093652,0.02455440770061903,0.011286291287130615,0.01463387863574663,0.009702471617764451,-0.006543190300589972,-0.0033036840545771244,-0.01458997534170774
2012-07-31,0.04922334613239021,0.044433620504035154,0.03344429013366583,0.021015287869386008,-0.005669261073478133,-0.054892607205868346,0.0013100302956157615,0.014086150268315589,0.027797225920826136,0.04390754264402948,0.055945250885171785,0.05463522058955602
2012-08-31,0.029410980543917508,0.020489260384316733,0.029161384929991357,0.01502796093760958,0.020212784342426928,-0.00919819620149058,0.014583207072894854,0.021795185068063952,0.01906214480582981,0.02990752375599292,0.02913965760386835,0.014556450530973496
2012-09-30,0.005985715818779139,-0.009892522493837087,-0.005839636818008168,-0.001671173259073322,-0.0028907584157338686,-0.008876474234513008,-0.0015357074544387946,0.0032663111593254717,-0.0007435461528832843,-0.003938329700694776,-0.0112630852282667,-0.009727377773827905
2012-10-31,0.027065683645432402,0.026005781539189903,0.013792851396760276,0.019521228381327742,0.0038968800995767237,-0.02316880354585568,0.0069290614451091035,0.0007547126154659287,0.014967023755732223,0.0409275185875587,0.026671138209550464,0.01974207676444136
2012-11-30,0.04422494802737251,0.023726977998713115,0.02608526654363115,0.00917586017631054,-0.0028750652657804515,-0.047100013293152956,0.0010487180818622693,0.011147151183905125,0.019841784441556286,0.0316720812579131,0.036750677135587786,0.035701959053725515
2012-12-31,0.08964470450958205,0.07545334585869443,0.06515379836869875,0.05586652501046126,0.05900392040584959,-0.030640784103732457,0.0553013385179071,0.057054445012760954,0.06926187808373954,0.07646730442496973,0.08706451179994053,0.03176317328203343
2013-01-31,-0.005270313876870297,0.011417635062505675,0.016314030420488804,0.01953011583339688,0.03175872962874269,0.03702904350561299,0.03291377109173226,0.022798140120671734,0.0031895943763186173,0.01400776020111556,0.0009132541108439039,-0.032000516980888356
2013-02-28,0.051624924641427004,0.03683465535013008,0.03115578051485809,0.044078644361763494,0.052206529088411904,0.0005816044469848999,0.04544854988601754,0.0449476193691186,0.0411768092196938,0.037369320457012224,0.04697556391504762,0.001527014029030077
2013-03-31,0.03945757030832931,0.016715560594939675,0.010670192944253906,0.02367814446785217,0.029503415026840354,-0.009954155281488956,0.027202392339949477,0.025926277345319382,0.01573642849031165,0.018625986423574162,0.03253379874306074,0.0053314064031112635
2013-04-30,0.06674727031943109,0.034853763603388425,0.03121315490786743,0.008761787690440653,-0.026092024668534664,-0.09283929498796575,-0.015521035438270929,0.008968653689375541,0.023059613218905733,0.031391736014970195,0.06860064246338649,0.08412167790165742
2013-05-31,-0.024699475180517485,-0.01529888322354967,-0.007217424324344737,-0.015197247505705619,0.0044762501905973116,0.029175725371114798,-0.001467480646465229,-0.006684812193657766,-0.006628934913368678,-0.023002768515138963,-0.020135746708652556,-0.018668266062187328
2013-06-30,0.054961300540797925,0.056890015052516694,0.060598789682861594,0.04972576620186709,0.04646139368039944,-0.008499906860398483,0.0518380848249877,0.05065241150587847,0.048423261738936414,0.062216187131675066,0.05543509177939491,0.003597006954407206
2013-07-31,-0.007738300835449727,-0.02628919410517949,-0.021559020351005934,-0.031036023687703092,-0.04136351810532528,-0.03362521726987555,-0.042747619897530204,-0.03990557212225445,-0.028136853954623377,-0.01805292870099512,0.0007689771439837219,0.04351659704151393
2013-08-31,0.07397588872945086,0.04205211784639407,0.05703418129841715,0.04553283225142851,0.021579325965721406,-0.05239656276372946,0.02547626634088448,0.03902445725424308,0.043303087289457184,0.06242742219771023,0.06994476953771668,0.044468503196832196
2013-09-30,0.04292120066099039,0.03884819705534802,0.046317617976482955,0.047511281315856635,0.04560712777774152,0.002685927116751134,0.05008571562164598,0.05071611583716344,0.04170433236706381,0.03772663677192481,0.04094177039140762,-0.009143945230238364
2013-10-31,0.04350601816338131,0.023291107189100036,0.029461312051691283,0.02042145533594454,0.008186122401284976,-0.035319895762096334,0.0188278443977775,0.016007819941538128,0.020546486204662113,0.03197297790036748,0.03745422095888414,0.018626376561106644
2013-11-30,0.04065005402067434,0.030550278826207422,0.032220099503564,0.02319481302687211,0.011502916683135942,-0.0291471373375384,0.01884043819275827,0.02054334966261736,0.02928768295865151,0.03656122926827551,0.03289067015538166,0.014050231962623394
2013-12-31,-0.0002939002683240609,-0.014172812792316332,-0.015095513362263389,-0.023867569019888527,-0.013594975532088655,-0.013301075263764594,-0.025347946647409986,-0.019092163568844467,-0.014955983185700966,-0.018571169732023565,0.010948791899194352,0.03629673854660434
2014-01-31,0.06173755703711605,0.057138337146674684,0.04180082977121392,0.046561981425905626,0.034276655638377375,-0.027460901398738677,0.03849527502450245,0.04222682534384692,0.03827427516618588,0.059129433563077184,0.06331795906471566,0.024822684040213205
2014-02-28,-0.004330727891391909,0.012544778514904351,0.0008961755750784208,0.009271848752135542,0.01793821678559027,0.022268944676982177,0.023052617563274685,0.01385348746992339,0.004799735614992596,-0.001695001814391979,-0.0037607249215258474,-0.026813342484800533
2014-03-31,-0.02518102333529518,-0.008358142355704831,0.0036366369681506265,-0.0021240474892881955,0.022481600934325413,0.04766262426962059,0.0035175521959659355,0.004841926918376232,0.0012024178092067623,-0.0009659328135720251,-0.017995525183022568,-0.021513077378988502
2014-04-30,0.031319044713841025,0.027025089553888507,0.028309438595181525,0.02916027187225821,0.008052827781638242,-0.023266216932202783,0.017770291305067878,0.01915073722527691,0.024538146462268463,0.03440070818207991,0.027928677047581393,0.010158385742513515
2014-05-31,0.04416752857733043,0.028477690407058606,0.02706329874471896,0.012533930509799285,0.019494165164901666,-0.024673363412428765,0.01924370544162106,0.022934736539585464,0.024762100495662173,0.025279560119276595,0.03957628492343131,0.020332579481810248
2014-06-30,-0.024772607072281357,-0.023828974928954437,-0.016463695060931257,-0.014399784150562709,-0.03620354705558168,-0.011430939983300324,-0.02871168390762011,-0.02772526212178961,-0.01340506365754899,-0.021081417778351576,-0.024836879454430933,0.003874804453189176
2014-07-31,0.058713534269549075,0.045065375692774134,0.038998393797459015,0.04048895627462129,0.04496256575998328,-0.013750968509565795,0.040059987113347274,0.044405322646323166,0.043032086454415655,0.042344993598336156,0.058450212529942834,0.01839022541659556
2014-08-31,-0.029073385857577946,-0.02457456963186757,-0.02499098763548136,-0.013412245792142199,-0.01175187696607728,0.017321508891500664,-0.009714934940854701,-0.017264069918412776,-0.026529107565026494,-0.023634437060001096,-0.026696024832441583,-0.016981089891586882
2014-09-30,0.034180781933792564,0.030431116890723125,0.04726950236141019,0.062128053199388605,0.05340004741911386,0.019219265485321296,0.039446664031058204,0.05497443525932085,0.04793879539758912,0.03858785716834473,0.04647398314735392,0.007027319116295713
2014-10-31,0.04813618466705843,0.02404645727734859,0.030347699413632058,0.03592907169543694,0.02907753709142172,-0.019058647575636706,0.03300289178861668,0.026460476951221317,0.030076693230763993,0.03608237718444251,0.041911206036403637,0.008908314247786958
2014-11-30,0.009515261683211674,0.00428836552936534,-0.0014102579263818413,0.013201610881794414,0.007024087425473097,-0.0024911742577385767,0.007963464079735617,0.005674937632144502,0.01327804176265758,0.0026943824698992067,0.0030271660100437774,-0.0049362980696918395
2014-12-31,-0.031037252462228843,-0.022893741759339045,-0.02064851104719322,-0.0019085389908018488,0.00019535164150098996,0.031232604103729834,-0.034088103558860994,-0.006787393659463207,-0.01591656458790862,-0.010044722673831106,-0.0094187026368196,0.024669400922041396
2015-01-31,0.07910645238192361,0.06985508902889614,0.06309814319615073,0.043146984371438636,0.017988955669496782,-0.06111749671242683,0.060394128077837714,0.04409381394594542,0.04302801139191443,0.0512247835300833,0.07400002495840766,0.013605896880569943
2015-02-28,-0.011484614469327704,-0.0030490552128041885,0.0013976173851019057,0.008900783088651323,-0.004256211068425368,0.007228403400902336,-0.00351510624655855,-0.006618733395567142,0.003958046244570726,0.002350521915624317,-0.004788135775063623,-0.0012730295285050732
2015-03-31,0.021490517152239205,0.012710487243138637,-0.0017324940446577996,-0.020619898014707712,-0.015517411657009534,-0.03700792880924874,-0.008923179750172584,-0.001759738113417224,-0.007234343195803832,0.0010810471437831253,0.013254531700660719,0.022177711450833304
2015-04-30,0.024063810330456833,0.019116892223677528,0.022758728315578167,0.014103416308634742,0.012357934227845646,-0.011705876102611187,0.014487093293955393,0.01709796563464017,0.013765784607918845,0.024336477436351492,0.022605111713957633,0.00811801842000224
2015-05-31,-0.022206938855547805,-0.011668764572660641,-0.012545911654307268,-0.017493885716072417,-0.024986937356047147,-0.002779998500499342,-0.016904397186549125,-0.005681732921846784,-0.027729132652638797,-0.015405744102954295,-0.023364361664120148,-0.006459964477571023
2015-06-30,0.004463099457381296,0.004176635227888588,0.01678885901066071,0.03682531419995859,0.04967011547129333,0.045207016013912034,0.020556073695322412,0.021724790185052276,0.043900069755149346,0.014313637464397566,0.011235561011382103,-0.009320512683940308
2015-07-31,-0.0503436817235718,-0.05615437180605412,-0.06252573058282852,-0.055340827086447254,-0.04229125813056866,0.008052423593003143,-0.05893536134015768,-0.05378853778883492,-0.052030487078137594,-0.05684000279227329,-0.044957966117818854,0.013977395222338825
2015-08-31,-0.054366074048318225,-0.04457086448628041,-0.021524328953687753,-0.008784395322738526,0.006148429075710434,0.06051450312402866,-0.019639723544696945,-0.02697214589368745,-0.0072376843285818825,-0.01702838200598362,-0.05193785300362109,-0.032298129458924144
2015-09-30,0.08737327961147498,0.0848254558591201,0.06910650310307018,0.07016570846927381,0.056230318213128704,-0.031142961398346276,0.0797740079257306,0.06967207066661019,0.07167586845645024,0.07741859184983414,0.06909726044722155,-0.010676747478509052
2015-10-31,0.001539042697040922,0.011861703408571256,0.015801877524008,0.004933719787068968,0.0031518186902084375,0.0016127759931675156,0.01344149816187003,0.008573659685817765,0.010770586485414258,0.011543394558431752,-0.007061329879755086,-0.020502828041625114
2015-11-30,-0.026930433535827674,-0.04264832101370768,-0.01588827576397036,-0.006719440405981216,0.002951852089255453,0.029882285625083126,-0.02132923169782202,-0.022146318167064992,-0.011209869178159193,-0.011575090482895584,-0.02278784299988816,-0.0014586113020661415
2015-12-31,-0.10176111780892037,-0.0696071895175978,-0.04639147970230476,-0.03711974585602023,-0.002058083766476816,0.09970303404244356,-0.04190495949097677,-0.04807566504546116,-0.03988718614392386,-0.038635507892895084,-0.08843429807806312,-0.04652933858708635
2016-01-31,0.027905519440723562,0.013574728091833218,0.013599178925858369,0.010333317081713313,0.012132462785519736,-0.015773056655203826,0.014956958314107578,0.006353679755783217,0.009322488340466154,0.016754352622823765,0.030157727292467483,0.015200768978359905
2016-02-29,0.08611730187437856,0.09329332833686765,0.08232637875898656,0.07357411285596495,0.06183063504461138,-0.024286666829767184,0.06452787730763114,0.0780452807670511,0.0790045053007629,0.0887217655194803,0.0870993449350116,0.022571467627380465
2016-03-31,0.010766918511847558,0.028893537575765287,0.010508509664706709,0.0018924940259950538,-0.0015393737157616625,-0.01230629222760922,0.010469761813501814,0.019692458022312898,0.005007369362238167,0.008578514948849567,0.006744392990584646,-0.003725368822917168
2016-04-30,0.03509162356714931,0.027553163747096418,0.027620124983760774,0.025411594770660937,0.017167724730144225,-0.017923898837005084,0.020562263361279996,0.026547294347679922,0.018496177539868687,0.03256622578997195,0.03474460913200987,0.014182345770729875
2016-05-31,-0.019459384678506938,-0.014666586623156093,-0.0003411189282686623,0.014632775511641428,0.05391641650223253,0.07337580118073947,0.01432710951083067,-0.0006865877686017964,0.012057941730876376,0.015311142323369106,-0.0067550526517523085,-0.02108216216258298
2016-06-30,0.07542293181959366,0.05972094794748872,0.053371421716730275,0.026559182853962228,0.0067250277364163825,-0.06869790408317727,0.024476659504019223,0.03963074861099217,0.04273534225978423,0.0454457593435713,0.06938587200927204,0.044909212505252816
2016-07-31,0.020271180931875462,0.020633022488834446,0.0008079354329393197,-0.007877286038931758,-0.005759656167347623,-0.026030837099223086,0.013193709727238092,0.008008155555292043,-0.0022662979114908065,-0.0019203029656212546,0.011023764790840829,-0.0021699449363972636
2016-08-31,0.022301852543739883,0.010520399433282231,-0.005716334271549586,-0.0039721739317234725,-0.008685033628043123,-0.030986886171783006,-0.0071471481390956645,-0.003514007863326134,-0.002549442453387631,-0.003091843528926291,0.030788409681243564,0.03793555782033923
2016-09-30,-0.014738538125509388,-0.013030621975862472,-0.02748945641179517,-0.0318629147301712,-0.016479667665016854,-0.0017411295395074657,-0.02550752868394732,-0.026541965479755625,-0.01038451410497422,-0.01779872860213058,-0.023167227422172972,0.0023403012617743482
2016-10-31,0.07123887982067485,0.06998628162590084,0.05823474034811175,0.024050080551012216,0.024802496573657407,-0.046436383247017446,0.04198309537400895,0.04455774512280033,0.05105050456915944,0.035724335061926495,0.07499679879146184,0.0330137034174529
2016-11-30,0.01838441136588302,0.001541307192852749,0.015006542876518992,0.027644388474302194,0.024912529064982286,0.0065281176990992645,0.017232055884645492,0.021169204377410055,0.018756354942250836,0.01755856421659134,0.012786556676950191,-0.0044454992076953005
2016-12-31,0.050351426678735066,0.037658455036092324,0.03260221475324022,0.02676278076572116,0.0072991441762011965,-0.04305228250253387,0.017143895954166606,0.02575714604336236,0.030107523523755782,0.03196539353869786,0.050090739182061104,0.0329468432278945
2017-01-31,0.02684266058955546,0.03926901338280956,0.03415599416475291,0.044979712972336466,0.04606717218127171,0.01922451159171625,0.05225877369145872,0.03609817730877941,0.04421561266054827,0.03405023176114977,0.02439274477347342,-0.027866028917985296
2017-02-28,0.00789945394437984,0.008134068479897722,-0.0032744124835238854,-0.003265023502109971,0.0002509060922302548,-0.007648547852149586,-0.0018478651806390013,0.004347804811295728,-0.0009951897836841517,-0.0023280692476793483,0.010561683016297809,0.01240954819693681
2017-03-31,0.005799806225110935,0.019468633636144067,0.013461721784011104,0.011801676017582861,0.015736587329911653,0.009936781104800719,0.017310853829109043,0.013661740597597378,0.01952900270836377,0.00933951143599528,0.006331164588902882,-0.010979689240206161
2017-04-30,0.023374294231644905,0.007214602205403684,0.014577445942505048,0.024358158250580613,0.02190913706625977,-0.0014651571653851343,0.02285471908833888,0.020955622793589413,0.012009612459373495,0.02064612161788764,0.014937703208330965,-0.007917015880007915
2017-05-31,0.013120756571119309,0.019034647702401992,0.021913269535348986,0.007867188264725433,-0.0034658621073499086,-0.016586618678469216,0.014709780443001565,0.009356603781455,0.012164763477360173,0.007175218577043837,0.015045156665619166,0.0003353762226176015
2017-06-30,0.028902892428237428,0.023453000738451434,0.012671954950384486,0.01184030398646799,0.017421346649973656,-0.011481545778263772,0.017396663952219928,0.01319705437006425,0.022921636720547655,0.010189626375127651,0.030565472022801896,0.013168808070581968
2017-07-31,0.001329298372263899,0.003458085932199237,-0.0009085654319218723,0.0025186874014422192,-0.0005617088748017526,-0.0018910072470656515,0.002395908915221506,0.001938253286131254,-0.00014413705811777445,-0.004579535458187235,0.00612624960487309,0.003730340689651584
2017-08-31,0.03937586678039516,0.04268658566983455,0.031166552589313178,0.020823794836984797,0.009659697418125182,-0.02971616936226998,0.021789726409427307,0.02642709740635787,0.023835054281344772,0.03812578344106351,0.03354681851899506,0.011757092109567754
2017-09-30,0.01833539908509361,0.023709095711687903,0.02994911570203464,0.025671225576464573,0.025364113613729374,0.007028714528635762,0.031697257367973394,0.02004124779112905,0.045292011229111404,0.01047506557465124,0.015306540048876365,-0.01639071731909703
2017-10-31,0.041754336372892865,0.03945876726156827,0.030644096568684994,0.038296517510914944,0.039250495921927815,-0.0025038404509650503,0.039119518527806534,0.03312175052328152,0.041133608695794216,0.03135365313436937,0.04479625185964656,0.005676733331840024
2017-11-30,0.028104100395634553,0.010554050898231263,0.00757376098397918,0.0036688385276750714,-0.004279994598500215,-0.03238409499413477,-0.002371452833755496,0.0024831072604248627,0.00095935777915163,0.020888038716547753,0.023585677661607105,0.0259571304953626
2017-12-31,0.06634763571835692,0.06025939236141788,0.050697864952345,0.03292520428568669,0.03166733583671647,-0.034680299881640446,0.04726730211164471,0.03154236259009477,0.04641588048311495,0.05327884182480891,0.06334382793256965,0.01607652582092494
2018-01-31,-0.02843614406448394,-0.04043332321874565,-0.047386798229612184,-0.0451313364651267,-0.04093225249848041,-0.012496108433996473,-0.03615255540309787,-0.043388897224667704,-0.04944640801019374,-0.04910030214238454,-0.024142997312902578,0.012009558090195292
2018-02-28,0.00840316170709331,-0.012082086114252528,-0.00799291218503369,0.003698767868728544,-0.002587511233196386,-0.010990672940289697,-0.010917285243946891,0.002250166968650604,-0.013449372381393536,-0.001796111640991535,0.013390441811211785,0.024307727055158677
2018-03-31,0.009235532587999359,-0.0004774690557479674,0.006005868641572081,-0.004031411926925561,-0.0018540882754383122,-0.01108962086343767,-0.00909234753980387,0.005885429767266302,0.0010972448482899693,0.010558343587004701,0.0006120798376077523,0.009704427377411623
2018-04-30,0.05878541114400961,0.0218973494905519,0.01773150370137358,0.00880233417778788,0.005867731071454541,-0.05291768007255507,0.011752753457278997,0.011087242913152941,0.019151941260950198,0.013988840563848907,0.0570557881782219,0.0453030347209429
2018-05-31,0.002588605676308001,0.0011151447271670401,0.015994086076255933,0.0064076810510098605,0.015456128981400903,0.012867523305092901,-0.00207285523296845,0.005726262470411401,0.016305055071428355,0.017445201151304518,0.004335808482006131,0.0064086637149745815
2018-06-30,0.019649177932519916,0.030761317626407617,0.04521407175647373,0.026333334660819364,0.04356745302278981,0.023918275090269895,0.054510734511211224,0.022728579991203094,0.04425253815590333,0.02947900621086366,0.014158342077798541,-0.04035239243341268
2018-07-31,0.0991276328841112,0.02409707730106414,0.018888606515866765,0.025429177214995637,0.025426260193065212,-0.07370137269104599,0.022209238475700117,0.019321380474902405,0.028204878754501485,0.016469457424735653,0.10763787164299524,0.08542863316729513
2018-08-31,-0.004010903307529159,0.0012612116893473023,0.000965706466588864,0.0003229235155171393,0.005498084724056066,0.009508988031585225,0.00475686402940311,-0.0021990710594871152,0.0018935989584530936,0.0043810747104336195,-0.004895077270560361,-0.009651941299963471
2018-09-30,-0.11497970950792508,-0.08612876396285744,-0.07604865309182557,-0.05096380489328239,-0.027642114212406477,0.0873375952955186,-0.05395740030389713,-0.05384094282970206,-0.06109930711163318,-0.0834664967788728,-0.10409233397605573,-0.0501349336721586
2018-10-31,0.014580259071243707,0.03281218137602896,0.03854861754824139,0.02849811526737277,0.04487937379343377,0.030299114722190063,0.0357133609751514,0.04745189998172195,0.027447835388331388,0.034455955773023135,0.014009346052821043,-0.02170401492233035
2018-11-30,-0.09876859585467661,-0.10131908296984035,-0.09221989061248353,-0.08266139393629188,-0.07153629504762045,0.02723230080705616,-0.08313668732785234,-0.08921203222401641,-0.0886203278343791,-0.08929290970521703,-0.09614133393894228,-0.013004646611089937
2018-12-31,0.13212492339655815,0.11550428359467436,0.09585851326773814,0.08078561170586335,0.06066907019945063,-0.07145585319710752,0.08509983485645069,0.08090651227321083,0.09311023685443993,0.0980657686618272,0.12756546958166495,0.042465634725214266
2019-01-31,0.04664173803721634,0.03241840570219501,0.04317726190560321,0.04784370883200009,0.04087273370260004,-0.005769004334616301,0.048077250859446155,0.037020066669417276,0.04158692351052664,0.03631027271731812,0.047881449308890114,-0.00019580155055604065
2019-02-28,0.005288966457485992,-0.006646765839157687,0.020767760022457914,0.026275237009896566,0.025512921721477375,0.020223955263991383,0.017836145988108093,0.0170390604882824,0.015945194569194614,0.011039141407232366,0.009433517714003085,-0.008402628274105008
2019-03-31,0.045429110607822516,0.04545539370199656,0.03523621040800518,0.04532866792444751,0.027617868695095926,-0.01781124191272659,0.05216360990437995,0.03307214413610963,0.03931548330468924,0.030942614668896973,0.04327262063990495,-0.008890989264475
2019-04-30,-0.09655232472068939,-0.07995597181398,-0.05594371336765791,-0.04137798435654772,-0.010123727200373571,0.08642859752031581,-0.03722640664819689,-0.050391348306850665,-0.047864447819382344,-0.06469899801976878,-0.08368174240046254,-0.04645533575226565
2019-05-31,0.10877240392675433,0.08848089541245191,0.08779997030951715,0.06800969736319867,0.04132690003559982,-0.0674455038911545,0.0645383326356887,0.07378615924266013,0.06997614933743167,0.08758718395080413,0.0983017742295655,0.0337634415938768
2019-06-30,0.0191271930492527,0.010108683441932774,0.015678034805593596,0.01784511597923453,0.013193758299821383,-0.005933434749431317,0.017835486395882547,0.014000955814763192,0.012170443333313161,0.014154300971285273,0.017791599060590805,-4.3887335291741686e-05
2019-07-31,-0.049336026089398216,-0.0396147555723907,-0.01853979707517024,-0.0030777720152948746,0.02656885231804473,0.07590487840744295,-0.007540865193965171,-0.00531483813322508,-0.011527733437214872,-0.017404380893545304,-0.04268128932564577,-0.0351404241316806
2019-08-31,0.028484144683248058,0.034503079876195684,0.032771326796949926,0.01591863649045969,0.016186911785234154,-0.012297232898013905,0.02822540073241542,0.029236493047081015,0.01905252569795487,0.02819124728089695,0.023161340109141865,-0.0050640606232735565
2019-09-30,0.031182932900237756,0.023450463991433124,0.022885547826157475,0.004679564861802284,-0.006334007963797398,-0.037516940864035155,0.0060810599091860856,0.005471343055513089,0.00817551668275617,0.02453199104600984,0.031625405425126804,0.025544345515940717
2019-10-31,0.06981822692738116,0.042208719906814414,0.040908744213264535,0.029021757050930228,-1.7986480290721474e-05,-0.06983621340767188,0.02792457547481739,0.020171563918191623,0.028424098996844022,0.025169565385883216,0.0801109395621809,0.05218636408736352
2019-11-30,0.06356616353916504,0.02803812509383817,0.014527639689158408,0.0195876570349242,0.01895946608293753,-0.044606697456227515,0.02412303685223994,0.0171077218913437,0.019014892995564664,0.022630165854810765,0.061853092216135455,0.037730055363895516
2019-12-31,-0.015347808170205823,-0.030066423493427332,-0.010073096232599192,0.00021939602110398654,0.03546073406827184,0.050808542238477666,0.011622908710564057,0.0006636355691388121,-0.0036817543667840174,-0.014531404980461245,-0.013809567829693961,-0.025432476540258018
2020-01-31,-0.08186258396724894,-0.08747355491169745,-0.08972285528974656,-0.07480402183657346,-0.08815131730861551,-0.006288733341366579,-0.09476341928477351,-0.08305906828492457,-0.08495678096981242,-0.08294965575336491,-0.07628540902100653,0.018478010263766984
2020-02-29,-0.22152812621333642,-0.19293835940017373,-0.16779882126590276,-0.13244345597063512,-0.12690739210799723,0.0946207341053392,-0.1749233092261555,-0.1529589537187841,-0.1419221735937412,-0.19222486078531667,-0.17958685763404778,-0.004663548407892265
2020-03-31,0.26498848331166763,0.15464183919388647,0.13095768422480522,0.11749021180882963,0.06773351936402733,-0.1972549639476403,0.1132137440967506,0.10214271136105989,0.13115551308826742,0.14566893226675542,0.2453172230816598,0.1321034789849092
2020-04-30,0.07852476344237527,0.06243098881317563,0.05988200339675402,0.05237076556871504,0.04837317093084072,-0.030151592511534556,0.04371548218450311,0.054009627184309385,0.05991001800075974,0.06741423178395352,0.07660541123119621,0.032889929046693106
2020-05-31,0.04144205538024573,0.031343308769644494,0.004385395656878458,0.0010903190750097898,-0.014643065332488518,-0.05608512071273425,-0.002999992578619053,-0.00694540174326117,0.012508574405872176,0.025254277624399624,0.03573460448689264,0.038734597065511696
2020-06-30,0.02926390122774719,0.04772601314978561,0.059137099860307095,0.051366771204278724,0.06288890702980951,0.03362500580206232,0.04929799345987778,0.04229849602414522,0.07516655249411423,0.03915042065502383,0.04445148901413972,-0.004846504445738059
2020-07-31,0.08284172325014563,0.0630514453121082,0.036125926937942664,0.04865631532327832,0.016064657310487705,-0.06677706593965793,0.04953378002184957,0.024653489870014193,0.04208610228129142,0.0597265614303773,0.07080563096277454,0.021271850940924965
2020-08-31,-0.04673003273322112,-0.029203872512655365,-0.017636306322399938,-0.016602944242934164,-0.011557616957989134,0.03517241577523199,-0.01686394537715458,-0.010465909307774508,-0.022310179389148754,-0.035481139635196106,-0.03666096030241752,-0.01979701492526294
2020-09-30,1.2652870887697176e-05,0.0029805013218984124,0.007237072831944005,-0.015540628815458828,-0.01457784688266429,-0.014590499753551988,-0.0030147248664683644,-0.008621021714045173,-0.011745446144824792,-0.0005669314314467337,0.003851276373757239,0.006866001240225603
2020-10-31,0.24591019335816922,0.16236750966829266,0.1306874175398711,0.10022139477447423,0.08162818001046088,-0.16428201334770834,0.12712760537744863,0.11338630615209143,0.11002473714571925,0.15358733929778806,0.21668870737822069,0.08956110200077205
2020-11-30,0.07268471480459372,0.04459295742184939,0.03768732932945752,0.03349166681967137,0.012228184988391134,-0.06045652981620259,0.025218545755462195,0.024902649962037754,0.04130611914855772,0.04525433623561045,0.06400320226229503,0.03878465650683283
2020-12-31,0.018414105100900094,0.002468002809583361,-0.015402530564019662,-0.0253458807550546,-0.03248198034491843,-0.05089608544581852,-0.03199345750550898,-0.02108976123574369,-0.026282264949974734,0.012637883393160592,0.014379316544557572,0.046372774050066554
2021-01-31,0.12869459903171465,0.07496939854044492,0.05957341451152779,0.03882235152281778,-0.011469384380940303,-0.14016398341265496,0.03399966397053476,0.044815398612697795,0.0441673824029122,0.06246711166199827,0.10514082257742183,0.07114115860688706
2021-02-28,0.0257080515956143,0.05943619649639444,0.06303017795222045,0.06433671683417588,0.0799509762707377,0.0542429246751234,0.06997459655968556,0.06791767210938565,0.06570062256396735,0.06473812082462543,0.02413110709147879,-0.04584348946820677
2021-03-31,0.03886051768977892,0.04312492596752021,0.053439425306177686,0.060419896023231785,0.05767980337607996,0.018819285686301042,0.05732678489639619,0.06440122623763415,0.06070720811438947,0.0373715551383715,0.03371779397599726,-0.023608990920398934
2021-04-30,0.026039823674717896,0.036153077716525504,0.011757224233843887,0.01502928763215684,0.0018397624511679216,-0.024200061223549976,0.01772633814200014,0.01674758649970522,0.004052793606769443,0.02728503414853935,0.0250074233113979,0.007281085169397763
2021-05-31,0.017645173663520107,-0.003619880240178882,0.003187437075115531,0.00816289550730713,-0.0047435396878402775,-0.022388713351360383,-0.007335113571616103,-0.002416452263024072,0.0026593687936156338,0.0032062717942140514,0.0245180115647341,0.031853125136350205
2021-06-30,-0.02052489810397369,0.0010609128134167558,0.031608755985182174,0.03336387256941424,0.040193664352260655,0.060718562456234346,0.028189019410166508,0.03502156412477642,0.029959085483746054,0.015450832800495947,-0.022918194202884802,-0.05110721361305131
2021-07-31,0.03199656658133465,0.025888408685532,0.018255058198217617,0.028767336509242673,0.016555716379906913,-0.015440850201427738,0.026601020218955124,0.024813507084018062,0.02859858376923705,0.012969454044476752,0.028539812955814776,0.0019387927368596514
2021-08-31,-0.0020414680001167728,-0.03192901764816183,-0.04268761786218606,-0.0617271887814867,-0.047529005375622525,-0.04548753737550575,-0.048452730645677324,-0.04526885682367359,-0.04628954261854025,-0.032012289635422575,-0.013380864069034224,0.0350718665766431
2021-09-30,0.07127397258562068,0.05288327674533595,0.053376644928560826,0.05605278588956275,0.05971530327029032,-0.01155866931533036,0.06269053736352377,0.0515239132872333,0.056927897821651474,0.05453138362070091,0.06772257479024014,0.005032037426716374
2021-10-31,-0.015972846619005877,-0.0324108495952485,-0.02723669280522348,-0.019453013797893715,-0.01898083533867194,-0.0030079887196660625,-0.023907826654578947,-0.023089358383500572,-0.023524272248399203,-0.019060877298996116,-0.024325968263313565,-0.0004181416087346186
2021-11-30,0.03867344928953984,0.0696658912524361,0.0715858372467812,0.0666206229404069,0.08705856094802582,0.048385111658485976,0.06450786473932923,0.06892573597480893,0.07584310747501043,0.0770563868719546,0.04731754129248045,-0.017190323446848788
2021-12-31,-0.03903646070771247,-0.033587471568481436,-0.05858323749246682,-0.048881896987144985,-0.039620947755972906,-0.0005844870482604389,-0.03733340939845443,-0.04606596956708511,-0.03907295812954966,-0.058619537393849126,-0.03840607176889554,-0.0010726623704411103
2022-01-31,0.026202364435432408,-0.011775228410215402,-0.014036112177561785,-0.0334899221514807,-0.022077509848947966,-0.048279874284380374,-0.026880449739526083,-0.033981697838454165,-0.014968843064916056,-0.008588483046183416,0.029232927157095898,0.05611337689662198
2022-02-28,0.025563735797426455,0.013720273004490887,0.01846911177848438,0.036777837458898906,0.06135962996344864,0.035795894166022184,0.02897930867219564,0.03568280337165375,0.025833943347727026,0.02656211922022689,0.03883241339094597,0.009853104718750332
2022-03-31,-0.07940204670077197,-0.0742002479027385,-0.05962929243926382,-0.056473820015639636,-0.029015727229005656,0.05038631947176632,-0.04732070625443334,-0.0526862694470364,-0.060801733292647146,-0.054489508142983284,-0.08342291715031942,-0.03610221089588608
2022-04-30,0.022861276140418784,0.012626459903183377,0.012465042704182713,0.005006401382078135,-0.0022489080227135316,-0.025110184163132314,0.011181999394407314,0.0041770337675881754,0.0047672727051502614,-0.0007483743816688266,0.031332340621672554,0.02015034122726524
2022-05-31,-0.1620456907613394,-0.10298969165897325,-0.07815083106591011,-0.06800259370609538,-0.04268314689991055,0.11936254386142886,-0.07110744530037805,-0.05823763529973469,-0.08898222555333118,-0.08606401870769863,-0.15046908842087917,-0.07936164312050112
2022-06-30,0.1492583685137958,0.10218707163666312,0.08288203279893798,0.08293116834525179,0.045966225151078816,-0.103292143362717,0.08141417428996091,0.07974859983293102,0.08611910467587659,0.08345453016518045,0.13322589437551588,0.05181172008555497
2022-07-31,-0.016221491517787498,-0.042286480296003334,-0.03594802745830173,-0.03480839344628098,-0.024992592127297715,-0.008771100609510217,-0.026244439817047396,-0.03861454482502591,-0.041870962075358,-0.034665921289920895,-0.012752171748109708,0.013492268068937689
2022-08-31,-0.10588477640019517,-0.0931442575584227,-0.0854500630063242,-0.08316524647889471,-0.08447186462043133,0.021412911779763844,-0.08504429649208547,-0.08150540449911985,-0.09314288185404163,-0.09567305822844693,-0.09697709394609713,-0.011932797454011657
2022-09-30,0.1455801806150186,0.09760265671962534,0.09732720942019844,0.1036858670820495,0.06421750942576067,-0.08136267118925793,0.09764028782616044,0.07821020650006573,0.0920822581980869,0.11227326864612655,0.12872848788339616,0.031088200057235726
2022-10-31,0.0813146968534811,0.07600661458492446,0.07665055983171155,0.0625149151005915,0.0629323961250915,-0.018382300728389603,0.06594084697363392,0.07278315993462925,0.06504543708978568,0.07250498847459093,0.08331185708707171,0.017371010113437793
2022-11-30,-0.0777201774097718,-0.058388004701058635,-0.039331607131444186,-0.03908385597109209,-0.028260407167352498,0.04945977024241931,-0.04084222518793327,-0.039834834681939844,-0.036293142030567195,-0.05054442253896956,-0.07567027524806845,-0.03482805006013518
2022-12-31,0.14114732676853853,0.10837715268775551,0.061708919637274304,0.0450352321727824,0.0116942524854029,-0.12945307428313563,0.03603488686887963,0.05697519525309233,0.058728767852367005,0.08182326598531618,0.13554329431274695,0.09950840744386732
2023-01-31,-0.019988101844429285,-0.03271543875279049,-0.026972256254963134,-0.03291976751746271,-0.03806159780872932,-0.018073495964300038,-0.026927722092059254,-0.04117308182380317,-0.021942699044039077,-0.04135642374710811,-0.019384813343297946,0.007542908748761307
2023-02-28,-0.0010344693423206255,-0.01107716053075687,-0.00044905075422675385,0.00920017120776144,0.020106367878663906,0.021140837220984532,-0.010956013286738063,0.006148395120179398,0.007643638559303704,0.005361777502306724,0.008779026706639355,0.019735039993377418
2023-03-31,-0.021561271106830305,0.008643501043718834,0.011255842084478631,0.011083846183458175,0.027469004434282542,0.04903027554111285,0.015036399876937086,0.00963360504542451,0.015840587865653986,0.013310872500669209,-0.01684665150871571,-0.0318830513856528
2023-04-30,0.003681582951057487,-0.03195587206621699,-0.03451669121763789,-0.036566391755195174,-0.05067501706595125,-0.05435660001700873,-0.04769098634040885,-0.02227016315756603,-0.04552313486765601,-0.036739611438119275,0.0021754426237386897,0.049866428964147544
2023-05-31,0.12872368919953805,0.08461977360826008,0.08651096365123995,0.07001314997986985,0.03577673946941947,-0.09294694973011858,0.06540177169950319,0.06413724755064751,0.06868390763568068,0.09615880558826273,0.11113178852600987,0.04573001682650668
2023-06-30,0.061311681427386945,0.04858343878879615,0.025771707466648558,0.02417920189364821,0.01366439976370499,-0.047647281663681956,0.03072973234223171,0.03124693901728828,0.0262528697122239,0.02732809643484308,0.0578054107262351,0.02707567838400339
2023-07-31,-0.052836357425580786,-0.02570530435903733,-0.02592299516892743,-0.010626919660734492,-0.030698769193197674,0.022137588232383112,-0.023186041740450938,-0.033044461471453804,-0.01195489065764609,-0.031128258887191767,-0.046625858554257604,-0.023439816813806667
2023-08-31,-0.058973668573947736,-0.049688259922914896,-0.04295932282544031,-0.04603955220051787,-0.043794314523146465,0.015179354050801272,-0.042044088790120164,-0.05061126757216184,-0.03627222209956884,-0.04840990675080686,-0.06408114102119844,-0.022037052231078276
2023-09-30,-0.07529868872225345,-0.04831836799755652,-0.037701657234872045,-0.021172406591478742,-0.0014536021612012477,0.07384508656105221,-0.013035203335756154,-0.03108132691472155,-0.02589585876179803,-0.043232180650510516,-0.0706250663188029,-0.05758986298304675
2023-10-31,0.11245943949501666,0.11958301805933362,0.09699718260687995,0.07966755119528904,0.060328828650151295,-0.052130610844865366,0.07636453008364771,0.0829776000821255,0.09180501260914257,0.10216837079948164,0.11551301429925429,0.03914848421560657
2023-11-30,0.10525142412170833,0.09175287386470055,0.07573551425709056,0.046088058109849596,0.02474848129631271,-0.08050294282539562,0.04329356859853449,0.05928182543470999,0.06507459265359469,0.08132677873357194,0.09451471257968329,0.0512211439811488
